{"v":"4.8.0","meta":{"g":"LottieFiles AE ","a":"","k":"","d":"","tc":""},"fr":25,"ip":0,"op":57,"w":800,"h":600,"nm":"Comp 1","ddd":0,"assets":[],"layers":[{"ddd":0,"ind":1,"ty":4,"nm":"Layer 10","sr":1,"ks":{"o":{"a":0,"k":100,"ix":11},"r":{"a":0,"k":0,"ix":10},"p":{"a":1,"k":[{"i":{"x":0.833,"y":0.833},"o":{"x":0.167,"y":0.167},"t":2,"s":[447.863,-175.076,0],"to":[0,9.595,0],"ti":[0,-19.191,0]},{"i":{"x":0.833,"y":0.833},"o":{"x":0.167,"y":0.167},"t":3,"s":[447.863,-117.503,0],"to":[0,19.191,0],"ti":[0,-19.19,0]},{"i":{"x":0.833,"y":0.833},"o":{"x":0.167,"y":0.167},"t":4,"s":[447.863,-59.928,0],"to":[0,19.19,0],"ti":[0,-19.19,0]},{"i":{"x":0.833,"y":0.833},"o":{"x":0.167,"y":0.167},"t":5,"s":[447.863,-2.361,0],"to":[0,19.19,0],"ti":[0,-19.19,0]},{"i":{"x":0.833,"y":0.833},"o":{"x":0.167,"y":0.167},"t":6,"s":[447.863,55.209,0],"to":[0,19.19,0],"ti":[0,-19.19,0]},{"i":{"x":0.833,"y":0.833},"o":{"x":0.167,"y":0.167},"t":7,"s":[447.863,112.78,0],"to":[0,19.19,0],"ti":[0,-19.191,0]},{"i":{"x":0.833,"y":0.893},"o":{"x":0.167,"y":0.167},"t":8,"s":[447.863,170.351,0],"to":[0,19.191,0],"ti":[0,-12.353,0]},{"i":{"x":0.833,"y":0.876},"o":{"x":0.167,"y":0.373},"t":9,"s":[447.863,227.924,0],"to":[0,12.353,0],"ti":[0,-4.118,0]},{"i":{"x":0.833,"y":0.899},"o":{"x":0.167,"y":0.252},"t":10,"s":[447.863,244.467,0],"to":[0,4.118,0],"ti":[0,-1.391,0]},{"i":{"x":0.833,"y":0.644},"o":{"x":0.167,"y":0.477},"t":11,"s":[447.863,252.631,0],"to":[0,1.391,0],"ti":[0,0.913,0]},{"i":{"x":0.833,"y":0.79},"o":{"x":0.167,"y":0.109},"t":12,"s":[447.863,252.811,0],"to":[0,-0.913,0],"ti":[0,2.374,0]},{"i":{"x":0.833,"y":0.832},"o":{"x":0.167,"y":0.138},"t":13,"s":[447.863,247.151,0],"to":[0,-2.374,0],"ti":[0,2.882,0]},{"i":{"x":0.833,"y":0.852},"o":{"x":0.167,"y":0.165},"t":14,"s":[447.863,238.567,0],"to":[0,-2.882,0],"ti":[0,2.581,0]},{"i":{"x":0.833,"y":0.87},"o":{"x":0.167,"y":0.19},"t":15,"s":[447.863,229.858,0],"to":[0,-2.581,0],"ti":[0,1.761,0]},{"i":{"x":0.833,"y":0.898},"o":{"x":0.167,"y":0.232},"t":16,"s":[447.863,223.084,0],"to":[0,-1.761,0],"ti":[0,0.756,0]},{"i":{"x":0.833,"y":0.756},"o":{"x":0.167,"y":0.454},"t":17,"s":[447.863,219.291,0],"to":[0,-0.756,0],"ti":[0,-0.149,0]},{"i":{"x":0.833,"y":0.765},"o":{"x":0.167,"y":0.127},"t":18,"s":[447.863,218.545,0],"to":[0,0.149,0],"ti":[0,-0.772,0]},{"i":{"x":0.833,"y":0.825},"o":{"x":0.167,"y":0.129},"t":19,"s":[447.863,220.186,0],"to":[0,0.772,0],"ti":[0,-1.045,0]},{"i":{"x":0.833,"y":0.847},"o":{"x":0.167,"y":0.159},"t":20,"s":[447.863,223.178,0],"to":[0,1.045,0],"ti":[0,-1,0]},{"i":{"x":0.833,"y":0.865},"o":{"x":0.167,"y":0.184},"t":21,"s":[447.863,226.455,0],"to":[0,1,0],"ti":[0,-0.734,0]},{"i":{"x":0.833,"y":0.89},"o":{"x":0.167,"y":0.218},"t":22,"s":[447.863,229.176,0],"to":[0,0.734,0],"ti":[0,-0.371,0]},{"i":{"x":0.833,"y":0.852},"o":{"x":0.167,"y":0.343},"t":23,"s":[447.863,230.861,0],"to":[0,0.371,0],"ti":[0,-0.021,0]},{"i":{"x":0.833,"y":0.715},"o":{"x":0.167,"y":0.191},"t":24,"s":[447.863,231.401,0],"to":[0,0.021,0],"ti":[0,0.239,0]},{"i":{"x":0.833,"y":0.817},"o":{"x":0.167,"y":0.118},"t":25,"s":[447.863,230.984,0],"to":[0,-0.239,0],"ti":[0,0.371,0]},{"i":{"x":0.833,"y":0.843},"o":{"x":0.167,"y":0.153},"t":26,"s":[447.863,229.969,0],"to":[0,-0.371,0],"ti":[0,0.381,0]},{"i":{"x":0.833,"y":0.861},"o":{"x":0.167,"y":0.177},"t":27,"s":[447.863,228.757,0],"to":[0,-0.381,0],"ti":[0,0.3,0]},{"i":{"x":0.833,"y":0.882},"o":{"x":0.167,"y":0.207},"t":28,"s":[447.863,227.682,0],"to":[0,-0.3,0],"ti":[0,0.171,0]},{"i":{"x":0.833,"y":0.888},"o":{"x":0.167,"y":0.284},"t":29,"s":[447.863,226.958,0],"to":[0,-0.171,0],"ti":[0,0.037,0]},{"i":{"x":0.833,"y":0.647},"o":{"x":0.167,"y":0.328},"t":30,"s":[447.863,226.657,0],"to":[0,-0.037,0],"ti":[0,-0.068,0]},{"i":{"x":0.833,"y":0.806},"o":{"x":0.167,"y":0.109},"t":31,"s":[447.863,226.734,0],"to":[0,0.068,0],"ti":[0,-0.129,0]},{"i":{"x":0.833,"y":0.838},"o":{"x":0.167,"y":0.146},"t":32,"s":[447.863,227.066,0],"to":[0,0.129,0],"ti":[0,-0.143,0]},{"i":{"x":0.833,"y":0.856},"o":{"x":0.167,"y":0.171},"t":33,"s":[447.863,227.507,0],"to":[0,0.143,0],"ti":[0,-0.12,0]},{"i":{"x":0.833,"y":0.876},"o":{"x":0.167,"y":0.198},"t":34,"s":[447.863,227.924,0],"to":[0,0.12,0],"ti":[0,-0.075,0]},{"i":{"x":0.833,"y":0.899},"o":{"x":0.167,"y":0.252},"t":35,"s":[447.863,228.227,0],"to":[0,0.075,0],"ti":[0,-0.025,0]},{"i":{"x":0.833,"y":0.642},"o":{"x":0.167,"y":0.479},"t":36,"s":[447.863,228.377,0],"to":[0,0.025,0],"ti":[0,0.017,0]},{"i":{"x":0.833,"y":0.79},"o":{"x":0.167,"y":0.109},"t":37,"s":[447.863,228.38,0],"to":[0,-0.017,0],"ti":[0,0.043,0]},{"i":{"x":0.833,"y":0.832},"o":{"x":0.167,"y":0.138},"t":38,"s":[447.863,228.276,0],"to":[0,-0.043,0],"ti":[0,0.053,0]},{"i":{"x":0.833,"y":0.852},"o":{"x":0.167,"y":0.165},"t":39,"s":[447.863,228.119,0],"to":[0,-0.053,0],"ti":[0,0.047,0]},{"i":{"x":0.833,"y":0.87},"o":{"x":0.167,"y":0.19},"t":40,"s":[447.863,227.959,0],"to":[0,-0.047,0],"ti":[0,0.032,0]},{"i":{"x":0.833,"y":0.898},"o":{"x":0.167,"y":0.232},"t":41,"s":[447.863,227.835,0],"to":[0,-0.032,0],"ti":[0,0.014,0]},{"i":{"x":0.833,"y":0.76},"o":{"x":0.167,"y":0.447},"t":42,"s":[447.863,227.766,0],"to":[0,-0.014,0],"ti":[0,-0.003,0]},{"i":{"x":0.833,"y":0.765},"o":{"x":0.167,"y":0.127},"t":43,"s":[447.863,227.752,0],"to":[0,0.003,0],"ti":[0,-0.014,0]},{"i":{"x":0.833,"y":0.825},"o":{"x":0.167,"y":0.129},"t":44,"s":[447.863,227.782,0],"to":[0,0.014,0],"ti":[0,-0.019,0]},{"i":{"x":0.833,"y":0.847},"o":{"x":0.167,"y":0.159},"t":45,"s":[447.863,227.837,0],"to":[0,0.019,0],"ti":[0,-0.018,0]},{"i":{"x":0.833,"y":0.865},"o":{"x":0.167,"y":0.184},"t":46,"s":[447.863,227.897,0],"to":[0,0.018,0],"ti":[0,-0.013,0]},{"i":{"x":0.833,"y":0.89},"o":{"x":0.167,"y":0.218},"t":47,"s":[447.863,227.947,0],"to":[0,0.013,0],"ti":[0,-0.007,0]},{"i":{"x":0.833,"y":0.852},"o":{"x":0.167,"y":0.343},"t":48,"s":[447.863,227.978,0],"to":[0,0.007,0],"ti":[0,0,0]},{"i":{"x":0.833,"y":0.713},"o":{"x":0.167,"y":0.192},"t":49,"s":[447.863,227.988,0],"to":[0,0,0],"ti":[0,0.004,0]},{"i":{"x":0.833,"y":0.817},"o":{"x":0.167,"y":0.118},"t":50,"s":[447.863,227.98,0],"to":[0,-0.004,0],"ti":[0,0.007,0]},{"i":{"x":0.833,"y":0.843},"o":{"x":0.167,"y":0.153},"t":51,"s":[447.863,227.961,0],"to":[0,-0.007,0],"ti":[0,0.007,0]},{"i":{"x":0.833,"y":0.861},"o":{"x":0.167,"y":0.177},"t":52,"s":[447.863,227.939,0],"to":[0,-0.007,0],"ti":[0,0.005,0]},{"i":{"x":0.833,"y":0.882},"o":{"x":0.167,"y":0.207},"t":53,"s":[447.863,227.92,0],"to":[0,-0.005,0],"ti":[0,0.003,0]},{"i":{"x":0.833,"y":0.888},"o":{"x":0.167,"y":0.284},"t":54,"s":[447.863,227.906,0],"to":[0,-0.003,0],"ti":[0,0.001,0]},{"i":{"x":0.833,"y":0.681},"o":{"x":0.167,"y":0.296},"t":55,"s":[447.863,227.901,0],"to":[0,-0.001,0],"ti":[0,-0.001,0]},{"i":{"x":0.833,"y":0.806},"o":{"x":0.167,"y":0.109},"t":56,"s":[447.863,227.902,0],"to":[0,0.001,0],"ti":[0,-0.002,0]},{"i":{"x":0.833,"y":0.838},"o":{"x":0.167,"y":0.146},"t":57,"s":[447.863,227.908,0],"to":[0,0.002,0],"ti":[0,-0.003,0]},{"i":{"x":0.833,"y":0.856},"o":{"x":0.167,"y":0.171},"t":58,"s":[447.863,227.916,0],"to":[0,0.003,0],"ti":[0,-0.002,0]},{"i":{"x":0.833,"y":0.876},"o":{"x":0.167,"y":0.198},"t":59,"s":[447.863,227.924,0],"to":[0,0.002,0],"ti":[0,-0.001,0]},{"i":{"x":0.833,"y":0.899},"o":{"x":0.167,"y":0.252},"t":60,"s":[447.863,227.93,0],"to":[0,0.001,0],"ti":[0,0,0]},{"i":{"x":0.951,"y":0},"o":{"x":0.036,"y":1},"t":61,"s":[447.863,227.932,0],"to":[0,0,0],"ti":[0,0,0]},{"i":{"x":0.833,"y":0.79},"o":{"x":0.167,"y":0.109},"t":62,"s":[447.863,227.932,0],"to":[0,0,0],"ti":[0,0.001,0]},{"i":{"x":0.833,"y":0.832},"o":{"x":0.167,"y":0.138},"t":63,"s":[447.863,227.93,0],"to":[0,-0.001,0],"ti":[0,0.001,0]},{"i":{"x":0.833,"y":0.852},"o":{"x":0.167,"y":0.165},"t":64,"s":[447.863,227.928,0],"to":[0,-0.001,0],"ti":[0,0.001,0]},{"i":{"x":0.833,"y":0.87},"o":{"x":0.167,"y":0.19},"t":65,"s":[447.863,227.925,0],"to":[0,-0.001,0],"ti":[0,0.001,0]},{"i":{"x":0.833,"y":0.898},"o":{"x":0.167,"y":0.232},"t":66,"s":[447.863,227.922,0],"to":[0,-0.001,0],"ti":[0,0,0]},{"i":{"x":0.833,"y":0.721},"o":{"x":0.167,"y":0.519},"t":67,"s":[447.863,227.921,0],"to":[0,0,0],"ti":[0,0,0]},{"i":{"x":0.833,"y":0.765},"o":{"x":0.167,"y":0.127},"t":68,"s":[447.863,227.921,0],"to":[0,0,0],"ti":[0,0,0]},{"i":{"x":0.833,"y":0.825},"o":{"x":0.167,"y":0.129},"t":69,"s":[447.863,227.921,0],"to":[0,0,0],"ti":[0,0,0]},{"i":{"x":0.833,"y":0.833},"o":{"x":0.167,"y":0.159},"t":70,"s":[447.863,227.922,0],"to":[0,0,0],"ti":[0,0,0]},{"t":71,"s":[447.863,227.924,0]}],"ix":2},"a":{"a":0,"k":[0,0,0],"ix":1},"s":{"a":0,"k":[109,109,100],"ix":6}},"ao":0,"ef":[{"ty":5,"nm":"Position - Overshoot","np":3,"mn":"ADBE Slider Control","ix":1,"en":1,"ef":[{"ty":0,"nm":"Slider","mn":"ADBE Slider Control-0001","ix":1,"v":{"a":0,"k":7,"ix":1,"x":"var $bm_rt;\n$bm_rt = clamp(value, 0, 100);"}}]},{"ty":5,"nm":"Position - Bounce","np":3,"mn":"ADBE Slider Control","ix":2,"en":1,"ef":[{"ty":0,"nm":"Slider","mn":"ADBE Slider Control-0001","ix":1,"v":{"a":0,"k":40,"ix":1,"x":"var $bm_rt;\n$bm_rt = clamp(value, 0, 100);"}}]},{"ty":5,"nm":"Position - Friction","np":3,"mn":"ADBE Slider Control","ix":3,"en":1,"ef":[{"ty":0,"nm":"Slider","mn":"ADBE Slider Control-0001","ix":1,"v":{"a":0,"k":80,"ix":1,"x":"var $bm_rt;\n$bm_rt = clamp(value, 0, 100);"}}]}],"shapes":[{"ty":"gr","it":[{"ty":"gr","it":[{"ind":0,"ty":"sh","ix":1,"ks":{"a":0,"k":{"i":[[0,0],[0,0],[0,0],[0,2.092],[0,0]],"o":[[0,0],[0,0],[2.092,0],[0,0],[0,0]],"v":[[-77.031,68.089],[-77.031,75.635],[32.844,75.635],[36.633,71.846],[36.633,68.089]],"c":true},"ix":2},"nm":"Path 1","mn":"ADBE Vector Shape - Group","hd":false},{"ty":"fl","c":{"a":0,"k":[0.803921580315,0.858823537827,0.901960790157,1],"ix":4},"o":{"a":0,"k":100,"ix":5},"r":1,"bm":0,"nm":"Fill 1","mn":"ADBE Vector Graphic - Fill","hd":false},{"ty":"tr","p":{"a":0,"k":[0,0],"ix":2},"a":{"a":0,"k":[0,0],"ix":1},"s":{"a":0,"k":[100,100],"ix":3},"r":{"a":0,"k":0,"ix":6},"o":{"a":0,"k":100,"ix":7},"sk":{"a":0,"k":0,"ix":4},"sa":{"a":0,"k":0,"ix":5},"nm":"Transform"}],"nm":"Group 1","np":2,"cix":2,"bm":0,"ix":1,"mn":"ADBE Vector Group","hd":false},{"ty":"gr","it":[{"ind":0,"ty":"sh","ix":1,"ks":{"a":0,"k":{"i":[[0,0],[0,0],[0,0],[0,2.092],[0,0]],"o":[[0,0],[0,0],[2.092,0],[0,0],[0,0]],"v":[[-77.031,68.089],[-77.031,75.635],[32.844,75.635],[36.633,71.846],[36.633,68.089]],"c":true},"ix":2},"nm":"Path 1","mn":"ADBE Vector Shape - Group","hd":false},{"ty":"fl","c":{"a":0,"k":[0.901960790157,0.901960790157,0.901960790157,1],"ix":4},"o":{"a":0,"k":100,"ix":5},"r":1,"bm":0,"nm":"Fill 1","mn":"ADBE Vector Graphic - Fill","hd":false},{"ty":"tr","p":{"a":0,"k":[0,0],"ix":2},"a":{"a":0,"k":[0,0],"ix":1},"s":{"a":0,"k":[100,100],"ix":3},"r":{"a":0,"k":0,"ix":6},"o":{"a":0,"k":100,"ix":7},"sk":{"a":0,"k":0,"ix":4},"sa":{"a":0,"k":0,"ix":5},"nm":"Transform"}],"nm":"Group 2","np":2,"cix":2,"bm":0,"ix":2,"mn":"ADBE Vector Group","hd":false},{"ty":"gr","it":[{"ind":0,"ty":"sh","ix":1,"ks":{"a":0,"k":{"i":[[2.44,0],[0,0],[0,0],[0,0],[0,0]],"o":[[0,0],[0,0],[0,0],[0,0],[0.817,-2.3]],"v":[[56.46,-2.466],[-10.869,-2.466],[-35.926,68.089],[36.405,68.089],[59.788,2.249]],"c":true},"ix":2},"nm":"Path 1","mn":"ADBE Vector Shape - Group","hd":false},{"ty":"fl","c":{"a":0,"k":[0.803921580315,0.858823537827,0.901960790157,1],"ix":4},"o":{"a":0,"k":100,"ix":5},"r":1,"bm":0,"nm":"Fill 1","mn":"ADBE Vector Graphic - Fill","hd":false},{"ty":"tr","p":{"a":0,"k":[0,0],"ix":2},"a":{"a":0,"k":[0,0],"ix":1},"s":{"a":0,"k":[100,100],"ix":3},"r":{"a":0,"k":0,"ix":6},"o":{"a":0,"k":100,"ix":7},"sk":{"a":0,"k":0,"ix":4},"sa":{"a":0,"k":0,"ix":5},"nm":"Transform"}],"nm":"Group 3","np":2,"cix":2,"bm":0,"ix":3,"mn":"ADBE Vector Group","hd":false},{"ty":"gr","it":[{"ind":0,"ty":"sh","ix":1,"ks":{"a":0,"k":{"i":[[0,0],[0,0],[0,0],[0,0]],"o":[[0,0],[0,0],[0,0],[0,0]],"v":[[31.983,68.089],[-40.349,68.089],[-15.291,-2.466],[57.041,-2.466]],"c":true},"ix":2},"nm":"Path 1","mn":"ADBE Vector Shape - Group","hd":false},{"ty":"fl","c":{"a":0,"k":[0.803921580315,0.858823537827,0.901960790157,1],"ix":4},"o":{"a":0,"k":100,"ix":5},"r":1,"bm":0,"nm":"Fill 1","mn":"ADBE Vector Graphic - Fill","hd":false},{"ty":"tr","p":{"a":0,"k":[0,0],"ix":2},"a":{"a":0,"k":[0,0],"ix":1},"s":{"a":0,"k":[100,100],"ix":3},"r":{"a":0,"k":0,"ix":6},"o":{"a":0,"k":100,"ix":7},"sk":{"a":0,"k":0,"ix":4},"sa":{"a":0,"k":0,"ix":5},"nm":"Transform"}],"nm":"Group 4","np":2,"cix":2,"bm":0,"ix":4,"mn":"ADBE Vector Group","hd":false},{"ty":"gr","it":[{"ind":0,"ty":"sh","ix":1,"ks":{"a":0,"k":{"i":[[0,0],[0,0],[0,0],[0,0]],"o":[[0,0],[0,0],[0,0],[0,0]],"v":[[31.983,68.089],[-40.349,68.089],[-15.291,-2.466],[57.041,-2.466]],"c":true},"ix":2},"nm":"Path 1","mn":"ADBE Vector Shape - Group","hd":false},{"ty":"fl","c":{"a":0,"k":[0.901960790157,0.901960790157,0.901960790157,1],"ix":4},"o":{"a":0,"k":100,"ix":5},"r":1,"bm":0,"nm":"Fill 1","mn":"ADBE Vector Graphic - Fill","hd":false},{"ty":"tr","p":{"a":0,"k":[0,0],"ix":2},"a":{"a":0,"k":[0,0],"ix":1},"s":{"a":0,"k":[100,100],"ix":3},"r":{"a":0,"k":0,"ix":6},"o":{"a":0,"k":100,"ix":7},"sk":{"a":0,"k":0,"ix":4},"sa":{"a":0,"k":0,"ix":5},"nm":"Transform"}],"nm":"Group 5","np":2,"cix":2,"bm":0,"ix":5,"mn":"ADBE Vector Group","hd":false},{"ty":"tr","p":{"a":0,"k":[0,0],"ix":2},"a":{"a":0,"k":[0,0],"ix":1},"s":{"a":0,"k":[100,100],"ix":3},"r":{"a":0,"k":0,"ix":6},"o":{"a":0,"k":100,"ix":7},"sk":{"a":0,"k":0,"ix":4},"sa":{"a":0,"k":0,"ix":5},"nm":"Transform"}],"nm":"Group 2","np":5,"cix":2,"bm":0,"ix":1,"mn":"ADBE Vector Group","hd":false}],"ip":2,"op":72,"st":2,"bm":0},{"ddd":0,"ind":2,"ty":4,"nm":"C 1","sr":1,"ks":{"o":{"a":0,"k":100,"ix":11},"r":{"a":0,"k":0,"ix":10},"p":{"a":1,"k":[{"i":{"x":0.833,"y":0.833},"o":{"x":0.167,"y":0.167},"t":0,"s":[447.863,750.924,0],"to":[0,-8.717,0],"ti":[0,17.434,0]},{"i":{"x":0.833,"y":0.833},"o":{"x":0.167,"y":0.167},"t":1,"s":[447.863,698.623,0],"to":[0,-17.434,0],"ti":[0,17.435,0]},{"i":{"x":0.833,"y":0.833},"o":{"x":0.167,"y":0.167},"t":2,"s":[447.863,646.322,0],"to":[0,-17.435,0],"ti":[0,17.433,0]},{"i":{"x":0.833,"y":0.833},"o":{"x":0.167,"y":0.167},"t":3,"s":[447.863,594.015,0],"to":[0,-17.433,0],"ti":[0,17.432,0]},{"i":{"x":0.833,"y":0.833},"o":{"x":0.167,"y":0.167},"t":4,"s":[447.863,541.724,0],"to":[0,-17.432,0],"ti":[0,17.433,0]},{"i":{"x":0.833,"y":0.833},"o":{"x":0.167,"y":0.167},"t":5,"s":[447.863,489.424,0],"to":[0,-17.433,0],"ti":[0,17.433,0]},{"i":{"x":0.833,"y":0.833},"o":{"x":0.167,"y":0.167},"t":6,"s":[447.863,437.124,0],"to":[0,-17.433,0],"ti":[0,17.433,0]},{"i":{"x":0.833,"y":0.833},"o":{"x":0.167,"y":0.167},"t":7,"s":[447.863,384.828,0],"to":[0,-17.433,0],"ti":[0,17.434,0]},{"i":{"x":0.833,"y":0.833},"o":{"x":0.167,"y":0.167},"t":8,"s":[447.863,332.525,0],"to":[0,-17.434,0],"ti":[0,17.433,0]},{"i":{"x":0.833,"y":0.9},"o":{"x":0.167,"y":0.167},"t":9,"s":[447.863,280.225,0],"to":[0,-17.433,0],"ti":[0,10.506,0]},{"i":{"x":0.833,"y":0.876},"o":{"x":0.167,"y":0.489},"t":10,"s":[447.863,227.924,0],"to":[0,-10.506,0],"ti":[0,2.672,0]},{"i":{"x":0.833,"y":0.899},"o":{"x":0.167,"y":0.252},"t":11,"s":[447.863,217.188,0],"to":[0,-2.672,0],"ti":[0,0.902,0]},{"i":{"x":0.833,"y":0.644},"o":{"x":0.167,"y":0.477},"t":12,"s":[447.863,211.89,0],"to":[0,-0.902,0],"ti":[0,-0.593,0]},{"i":{"x":0.833,"y":0.79},"o":{"x":0.167,"y":0.109},"t":13,"s":[447.863,211.774,0],"to":[0,0.593,0],"ti":[0,-1.541,0]},{"i":{"x":0.833,"y":0.832},"o":{"x":0.167,"y":0.138},"t":14,"s":[447.863,215.447,0],"to":[0,1.541,0],"ti":[0,-1.87,0]},{"i":{"x":0.833,"y":0.852},"o":{"x":0.167,"y":0.165},"t":15,"s":[447.863,221.017,0],"to":[0,1.87,0],"ti":[0,-1.675,0]},{"i":{"x":0.833,"y":0.87},"o":{"x":0.167,"y":0.19},"t":16,"s":[447.863,226.669,0],"to":[0,1.675,0],"ti":[0,-1.143,0]},{"i":{"x":0.833,"y":0.898},"o":{"x":0.167,"y":0.232},"t":17,"s":[447.863,231.065,0],"to":[0,1.143,0],"ti":[0,-0.491,0]},{"i":{"x":0.833,"y":0.756},"o":{"x":0.167,"y":0.454},"t":18,"s":[447.863,233.526,0],"to":[0,0.491,0],"ti":[0,0.097,0]},{"i":{"x":0.833,"y":0.765},"o":{"x":0.167,"y":0.127},"t":19,"s":[447.863,234.01,0],"to":[0,-0.097,0],"ti":[0,0.501,0]},{"i":{"x":0.833,"y":0.825},"o":{"x":0.167,"y":0.129},"t":20,"s":[447.863,232.945,0],"to":[0,-0.501,0],"ti":[0,0.678,0]},{"i":{"x":0.833,"y":0.847},"o":{"x":0.167,"y":0.159},"t":21,"s":[447.863,231.004,0],"to":[0,-0.678,0],"ti":[0,0.649,0]},{"i":{"x":0.833,"y":0.865},"o":{"x":0.167,"y":0.184},"t":22,"s":[447.863,228.877,0],"to":[0,-0.649,0],"ti":[0,0.477,0]},{"i":{"x":0.833,"y":0.89},"o":{"x":0.167,"y":0.218},"t":23,"s":[447.863,227.112,0],"to":[0,-0.477,0],"ti":[0,0.241,0]},{"i":{"x":0.833,"y":0.852},"o":{"x":0.167,"y":0.343},"t":24,"s":[447.863,226.018,0],"to":[0,-0.241,0],"ti":[0,0.013,0]},{"i":{"x":0.833,"y":0.715},"o":{"x":0.167,"y":0.191},"t":25,"s":[447.863,225.668,0],"to":[0,-0.013,0],"ti":[0,-0.155,0]},{"i":{"x":0.833,"y":0.817},"o":{"x":0.167,"y":0.118},"t":26,"s":[447.863,225.938,0],"to":[0,0.155,0],"ti":[0,-0.241,0]},{"i":{"x":0.833,"y":0.843},"o":{"x":0.167,"y":0.153},"t":27,"s":[447.863,226.597,0],"to":[0,0.241,0],"ti":[0,-0.247,0]},{"i":{"x":0.833,"y":0.861},"o":{"x":0.167,"y":0.177},"t":28,"s":[447.863,227.384,0],"to":[0,0.247,0],"ti":[0,-0.194,0]},{"i":{"x":0.833,"y":0.882},"o":{"x":0.167,"y":0.207},"t":29,"s":[447.863,228.081,0],"to":[0,0.194,0],"ti":[0,-0.111,0]},{"i":{"x":0.833,"y":0.888},"o":{"x":0.167,"y":0.284},"t":30,"s":[447.863,228.551,0],"to":[0,0.111,0],"ti":[0,-0.024,0]},{"i":{"x":0.833,"y":0.646},"o":{"x":0.167,"y":0.328},"t":31,"s":[447.863,228.746,0],"to":[0,0.024,0],"ti":[0,0.044,0]},{"i":{"x":0.833,"y":0.806},"o":{"x":0.167,"y":0.109},"t":32,"s":[447.863,228.697,0],"to":[0,-0.044,0],"ti":[0,0.084,0]},{"i":{"x":0.833,"y":0.838},"o":{"x":0.167,"y":0.146},"t":33,"s":[447.863,228.481,0],"to":[0,-0.084,0],"ti":[0,0.093,0]},{"i":{"x":0.833,"y":0.856},"o":{"x":0.167,"y":0.171},"t":34,"s":[447.863,228.195,0],"to":[0,-0.093,0],"ti":[0,0.078,0]},{"i":{"x":0.833,"y":0.876},"o":{"x":0.167,"y":0.198},"t":35,"s":[447.863,227.924,0],"to":[0,-0.078,0],"ti":[0,0.049,0]},{"i":{"x":0.833,"y":0.899},"o":{"x":0.167,"y":0.252},"t":36,"s":[447.863,227.727,0],"to":[0,-0.049,0],"ti":[0,0.017,0]},{"i":{"x":0.833,"y":0.652},"o":{"x":0.167,"y":0.466},"t":37,"s":[447.863,227.63,0],"to":[0,-0.017,0],"ti":[0,-0.011,0]},{"i":{"x":0.833,"y":0.79},"o":{"x":0.167,"y":0.109},"t":38,"s":[447.863,227.628,0],"to":[0,0.011,0],"ti":[0,-0.028,0]},{"i":{"x":0.833,"y":0.832},"o":{"x":0.167,"y":0.138},"t":39,"s":[447.863,227.695,0],"to":[0,0.028,0],"ti":[0,-0.034,0]},{"i":{"x":0.833,"y":0.852},"o":{"x":0.167,"y":0.165},"t":40,"s":[447.863,227.797,0],"to":[0,0.034,0],"ti":[0,-0.031,0]},{"i":{"x":0.833,"y":0.87},"o":{"x":0.167,"y":0.19},"t":41,"s":[447.863,227.901,0],"to":[0,0.031,0],"ti":[0,-0.021,0]},{"i":{"x":0.833,"y":0.898},"o":{"x":0.167,"y":0.232},"t":42,"s":[447.863,227.982,0],"to":[0,0.021,0],"ti":[0,-0.009,0]},{"i":{"x":0.833,"y":0.761},"o":{"x":0.167,"y":0.446},"t":43,"s":[447.863,228.027,0],"to":[0,0.009,0],"ti":[0,0.002,0]},{"i":{"x":0.833,"y":0.765},"o":{"x":0.167,"y":0.127},"t":44,"s":[447.863,228.035,0],"to":[0,-0.002,0],"ti":[0,0.009,0]},{"i":{"x":0.833,"y":0.825},"o":{"x":0.167,"y":0.129},"t":45,"s":[447.863,228.016,0],"to":[0,-0.009,0],"ti":[0,0.012,0]},{"i":{"x":0.833,"y":0.847},"o":{"x":0.167,"y":0.159},"t":46,"s":[447.863,227.98,0],"to":[0,-0.012,0],"ti":[0,0.012,0]},{"i":{"x":0.833,"y":0.865},"o":{"x":0.167,"y":0.184},"t":47,"s":[447.863,227.941,0],"to":[0,-0.012,0],"ti":[0,0.009,0]},{"i":{"x":0.833,"y":0.89},"o":{"x":0.167,"y":0.218},"t":48,"s":[447.863,227.909,0],"to":[0,-0.009,0],"ti":[0,0.004,0]},{"i":{"x":0.833,"y":0.852},"o":{"x":0.167,"y":0.343},"t":49,"s":[447.863,227.889,0],"to":[0,-0.004,0],"ti":[0,0,0]},{"i":{"x":0.833,"y":0.713},"o":{"x":0.167,"y":0.192},"t":50,"s":[447.863,227.883,0],"to":[0,0,0],"ti":[0,-0.003,0]},{"i":{"x":0.833,"y":0.817},"o":{"x":0.167,"y":0.118},"t":51,"s":[447.863,227.888,0],"to":[0,0.003,0],"ti":[0,-0.004,0]},{"i":{"x":0.833,"y":0.843},"o":{"x":0.167,"y":0.153},"t":52,"s":[447.863,227.9,0],"to":[0,0.004,0],"ti":[0,-0.005,0]},{"i":{"x":0.833,"y":0.861},"o":{"x":0.167,"y":0.177},"t":53,"s":[447.863,227.914,0],"to":[0,0.005,0],"ti":[0,-0.004,0]},{"i":{"x":0.833,"y":0.882},"o":{"x":0.167,"y":0.207},"t":54,"s":[447.863,227.927,0],"to":[0,0.004,0],"ti":[0,-0.002,0]},{"i":{"x":0.833,"y":0.888},"o":{"x":0.167,"y":0.284},"t":55,"s":[447.863,227.935,0],"to":[0,0.002,0],"ti":[0,0,0]},{"i":{"x":0.833,"y":0.526},"o":{"x":0.167,"y":0.44},"t":56,"s":[447.863,227.939,0],"to":[0,0,0],"ti":[0,0.001,0]},{"i":{"x":0.833,"y":0.806},"o":{"x":0.167,"y":0.109},"t":57,"s":[447.863,227.938,0],"to":[0,-0.001,0],"ti":[0,0.002,0]},{"i":{"x":0.833,"y":0.838},"o":{"x":0.167,"y":0.146},"t":58,"s":[447.863,227.934,0],"to":[0,-0.002,0],"ti":[0,0.002,0]},{"i":{"x":0.833,"y":0.856},"o":{"x":0.167,"y":0.171},"t":59,"s":[447.863,227.929,0],"to":[0,-0.002,0],"ti":[0,0.001,0]},{"i":{"x":0.833,"y":0.876},"o":{"x":0.167,"y":0.198},"t":60,"s":[447.863,227.924,0],"to":[0,-0.001,0],"ti":[0,0.001,0]},{"i":{"x":0.833,"y":0.899},"o":{"x":0.167,"y":0.252},"t":61,"s":[447.863,227.92,0],"to":[0,-0.001,0],"ti":[0,0,0]},{"i":{"x":0.951,"y":0},"o":{"x":0.036,"y":1},"t":62,"s":[447.863,227.919,0],"to":[0,0,0],"ti":[0,0,0]},{"i":{"x":0.833,"y":0.79},"o":{"x":0.167,"y":0.109},"t":63,"s":[447.863,227.919,0],"to":[0,0,0],"ti":[0,-0.001,0]},{"i":{"x":0.833,"y":0.832},"o":{"x":0.167,"y":0.138},"t":64,"s":[447.863,227.92,0],"to":[0,0.001,0],"ti":[0,-0.001,0]},{"i":{"x":0.833,"y":0.852},"o":{"x":0.167,"y":0.165},"t":65,"s":[447.863,227.922,0],"to":[0,0.001,0],"ti":[0,-0.001,0]},{"i":{"x":0.833,"y":0.87},"o":{"x":0.167,"y":0.19},"t":66,"s":[447.863,227.924,0],"to":[0,0.001,0],"ti":[0,0,0]},{"i":{"x":0.833,"y":0.9},"o":{"x":0.167,"y":0.232},"t":67,"s":[447.863,227.925,0],"to":[0,0,0],"ti":[0,0,0]},{"i":{"x":0.833,"y":0.833},"o":{"x":0.167,"y":0.507},"t":68,"s":[447.863,227.926,0],"to":[0,0,0],"ti":[0,0,0]},{"t":69,"s":[447.863,227.926,0]}],"ix":2},"a":{"a":0,"k":[0,0,0],"ix":1},"s":{"a":0,"k":[109,109,100],"ix":6}},"ao":0,"ef":[{"ty":5,"nm":"Position - Overshoot","np":3,"mn":"ADBE Slider Control","ix":1,"en":1,"ef":[{"ty":0,"nm":"Slider","mn":"ADBE Slider Control-0001","ix":1,"v":{"a":0,"k":5,"ix":1,"x":"var $bm_rt;\n$bm_rt = clamp(value, 0, 100);"}}]},{"ty":5,"nm":"Position - Bounce","np":3,"mn":"ADBE Slider Control","ix":2,"en":1,"ef":[{"ty":0,"nm":"Slider","mn":"ADBE Slider Control-0001","ix":1,"v":{"a":0,"k":40,"ix":1,"x":"var $bm_rt;\n$bm_rt = clamp(value, 0, 100);"}}]},{"ty":5,"nm":"Position - Friction","np":3,"mn":"ADBE Slider Control","ix":3,"en":1,"ef":[{"ty":0,"nm":"Slider","mn":"ADBE Slider Control-0001","ix":1,"v":{"a":0,"k":80,"ix":1,"x":"var $bm_rt;\n$bm_rt = clamp(value, 0, 100);"}}]}],"shapes":[{"ty":"gr","it":[{"ind":0,"ty":"sh","ix":1,"ks":{"a":0,"k":{"i":[[0,0],[2.77,-4.707]],"o":[[0,0],[0,0]],"v":[[-57.374,58.954],[-51.741,67.969]],"c":false},"ix":2},"nm":"Path 1","mn":"ADBE Vector Shape - Group","hd":false},{"ty":"st","c":{"a":0,"k":[0.219607844949,0.196078434587,0.298039227724,1],"ix":3},"o":{"a":0,"k":100,"ix":4},"w":{"a":0,"k":0.5,"ix":5},"lc":1,"lj":1,"ml":10,"bm":0,"nm":"Stroke 1","mn":"ADBE Vector Graphic - Stroke","hd":false},{"ty":"tr","p":{"a":0,"k":[0,0],"ix":2},"a":{"a":0,"k":[0,0],"ix":1},"s":{"a":0,"k":[100,100],"ix":3},"r":{"a":0,"k":0,"ix":6},"o":{"a":0,"k":100,"ix":7},"sk":{"a":0,"k":0,"ix":4},"sa":{"a":0,"k":0,"ix":5},"nm":"Transform"}],"nm":"Group 1","np":2,"cix":2,"bm":0,"ix":1,"mn":"ADBE Vector Group","hd":false},{"ty":"gr","it":[{"ind":0,"ty":"sh","ix":1,"ks":{"a":0,"k":{"i":[[0,0],[-1.937,1.162]],"o":[[0,0],[0,0]],"v":[[-89.719,8.636],[-87.205,4.104]],"c":false},"ix":2},"nm":"Path 1","mn":"ADBE Vector Shape - Group","hd":false},{"ty":"st","c":{"a":0,"k":[0.219607844949,0.196078434587,0.298039227724,1],"ix":3},"o":{"a":0,"k":100,"ix":4},"w":{"a":0,"k":0.5,"ix":5},"lc":1,"lj":1,"ml":10,"bm":0,"nm":"Stroke 1","mn":"ADBE Vector Graphic - Stroke","hd":false},{"ty":"tr","p":{"a":0,"k":[0,0],"ix":2},"a":{"a":0,"k":[0,0],"ix":1},"s":{"a":0,"k":[100,100],"ix":3},"r":{"a":0,"k":0,"ix":6},"o":{"a":0,"k":100,"ix":7},"sk":{"a":0,"k":0,"ix":4},"sa":{"a":0,"k":0,"ix":5},"nm":"Transform"}],"nm":"Group 2","np":2,"cix":2,"bm":0,"ix":2,"mn":"ADBE Vector Group","hd":false},{"ty":"gr","it":[{"ty":"gr","it":[{"ind":0,"ty":"sh","ix":1,"ks":{"a":1,"k":[{"i":{"x":0.833,"y":1},"o":{"x":0.167,"y":0},"t":15,"s":[{"i":[[0,0],[-13.691,2.73]],"o":[[0,0],[0,0]],"v":[[-155.145,65.198],[-137.32,53.849]],"c":false}]},{"i":{"x":0.833,"y":1},"o":{"x":0.167,"y":0},"t":18,"s":[{"i":[[0,0],[-13.691,2.73]],"o":[[0,0],[0,0]],"v":[[-154.395,60.948],[-136.57,49.599]],"c":false}]},{"i":{"x":0.833,"y":1},"o":{"x":0.167,"y":0},"t":22,"s":[{"i":[[0,0],[-13.691,2.73]],"o":[[0,0],[0,0]],"v":[[-155.145,65.198],[-137.32,53.849]],"c":false}]},{"i":{"x":0.833,"y":1},"o":{"x":0.167,"y":0},"t":26,"s":[{"i":[[0,0],[-13.691,2.73]],"o":[[0,0],[0,0]],"v":[[-154.395,60.948],[-136.57,49.599]],"c":false}]},{"i":{"x":0.833,"y":1},"o":{"x":0.167,"y":0},"t":30,"s":[{"i":[[0,0],[-13.691,2.73]],"o":[[0,0],[0,0]],"v":[[-155.145,65.198],[-137.32,53.849]],"c":false}]},{"i":{"x":0.833,"y":1},"o":{"x":0.167,"y":0},"t":34,"s":[{"i":[[0,0],[-13.691,2.73]],"o":[[0,0],[0,0]],"v":[[-154.395,60.948],[-136.57,49.599]],"c":false}]},{"i":{"x":0.833,"y":1},"o":{"x":0.167,"y":0.167},"t":38,"s":[{"i":[[0,0],[-13.691,2.73]],"o":[[0,0],[0,0]],"v":[[-155.145,65.198],[-137.32,53.849]],"c":false}]},{"i":{"x":0.833,"y":1},"o":{"x":0.167,"y":0},"t":42,"s":[{"i":[[0,0],[-13.691,2.73]],"o":[[0,0],[0,0]],"v":[[-154.395,60.948],[-136.57,49.599]],"c":false}]},{"i":{"x":0.833,"y":1},"o":{"x":0.167,"y":0.167},"t":46,"s":[{"i":[[0,0],[-13.691,2.73]],"o":[[0,0],[0,0]],"v":[[-155.145,65.198],[-137.32,53.849]],"c":false}]},{"i":{"x":0.833,"y":1},"o":{"x":0.167,"y":0},"t":50,"s":[{"i":[[0,0],[-13.691,2.73]],"o":[[0,0],[0,0]],"v":[[-154.395,60.948],[-136.57,49.599]],"c":false}]},{"t":54,"s":[{"i":[[0,0],[-13.691,2.73]],"o":[[0,0],[0,0]],"v":[[-155.145,65.198],[-137.32,53.849]],"c":false}]}],"ix":2},"nm":"Path 1","mn":"ADBE Vector Shape - Group","hd":false},{"ty":"st","c":{"a":0,"k":[0.219607844949,0.196078434587,0.298039227724,1],"ix":3},"o":{"a":0,"k":100,"ix":4},"w":{"a":0,"k":0.5,"ix":5},"lc":1,"lj":1,"ml":10,"bm":0,"nm":"Stroke 1","mn":"ADBE Vector Graphic - Stroke","hd":false},{"ty":"tr","p":{"a":0,"k":[0,0],"ix":2},"a":{"a":0,"k":[0,0],"ix":1},"s":{"a":0,"k":[100,100],"ix":3},"r":{"a":0,"k":0,"ix":6},"o":{"a":0,"k":100,"ix":7},"sk":{"a":0,"k":0,"ix":4},"sa":{"a":0,"k":0,"ix":5},"nm":"Transform"}],"nm":"Group 3","np":2,"cix":2,"bm":0,"ix":1,"mn":"ADBE Vector Group","hd":false},{"ty":"gr","it":[{"ind":0,"ty":"sh","ix":1,"ks":{"a":1,"k":[{"i":{"x":0.833,"y":1},"o":{"x":0.167,"y":0},"t":15,"s":[{"i":[[0,0],[-3.051,-23.184],[-20.292,-9.472],[-1.114,-2.669]],"o":[[9.467,13.585],[0,0],[0,0],[0,0]],"v":[[-160.589,-4.662],[-137.996,53.849],[-77.031,57.491],[-74.419,60.803]],"c":false}]},{"i":{"x":0.833,"y":1},"o":{"x":0.167,"y":0},"t":18,"s":[{"i":[[0,0],[-3.051,-23.184],[-20.292,-9.472],[-1.114,-2.669]],"o":[[9.467,13.585],[0,0],[0,0],[0,0]],"v":[[-160.901,-8.85],[-138.308,49.662],[-77.344,53.303],[-74.732,56.616]],"c":false}]},{"i":{"x":0.833,"y":1},"o":{"x":0.167,"y":0},"t":22,"s":[{"i":[[0,0],[-3.051,-23.184],[-20.292,-9.472],[-1.114,-2.669]],"o":[[9.467,13.585],[0,0],[0,0],[0,0]],"v":[[-160.589,-4.662],[-137.996,53.849],[-77.031,57.491],[-74.419,60.803]],"c":false}]},{"i":{"x":0.833,"y":1},"o":{"x":0.167,"y":0},"t":26,"s":[{"i":[[0,0],[-3.051,-23.184],[-20.292,-9.472],[-1.114,-2.669]],"o":[[9.467,13.585],[0,0],[0,0],[0,0]],"v":[[-160.901,-8.85],[-138.308,49.662],[-77.344,53.303],[-74.732,56.616]],"c":false}]},{"i":{"x":0.833,"y":1},"o":{"x":0.167,"y":0},"t":30,"s":[{"i":[[0,0],[-3.051,-23.184],[-20.292,-9.472],[-1.114,-2.669]],"o":[[9.467,13.585],[0,0],[0,0],[0,0]],"v":[[-160.589,-4.662],[-137.996,53.849],[-77.031,57.491],[-74.419,60.803]],"c":false}]},{"i":{"x":0.833,"y":1},"o":{"x":0.167,"y":0},"t":34,"s":[{"i":[[0,0],[-3.051,-23.184],[-20.292,-9.472],[-1.114,-2.669]],"o":[[9.467,13.585],[0,0],[0,0],[0,0]],"v":[[-160.901,-8.85],[-138.308,49.662],[-77.344,53.303],[-74.732,56.616]],"c":false}]},{"i":{"x":0.833,"y":1},"o":{"x":0.167,"y":0.167},"t":38,"s":[{"i":[[0,0],[-3.051,-23.184],[-20.292,-9.472],[-1.114,-2.669]],"o":[[9.467,13.585],[0,0],[0,0],[0,0]],"v":[[-160.589,-4.662],[-137.996,53.849],[-77.031,57.491],[-74.419,60.803]],"c":false}]},{"i":{"x":0.833,"y":1},"o":{"x":0.167,"y":0},"t":42,"s":[{"i":[[0,0],[-3.051,-23.184],[-20.292,-9.472],[-1.114,-2.669]],"o":[[9.467,13.585],[0,0],[0,0],[0,0]],"v":[[-160.901,-8.85],[-138.308,49.662],[-77.344,53.303],[-74.732,56.616]],"c":false}]},{"i":{"x":0.833,"y":1},"o":{"x":0.167,"y":0.167},"t":46,"s":[{"i":[[0,0],[-3.051,-23.184],[-20.292,-9.472],[-1.114,-2.669]],"o":[[9.467,13.585],[0,0],[0,0],[0,0]],"v":[[-160.589,-4.662],[-137.996,53.849],[-77.031,57.491],[-74.419,60.803]],"c":false}]},{"i":{"x":0.833,"y":1},"o":{"x":0.167,"y":0},"t":50,"s":[{"i":[[0,0],[-3.051,-23.184],[-20.292,-9.472],[-1.114,-2.669]],"o":[[9.467,13.585],[0,0],[0,0],[0,0]],"v":[[-160.901,-8.85],[-138.308,49.662],[-77.344,53.303],[-74.732,56.616]],"c":false}]},{"t":54,"s":[{"i":[[0,0],[-3.051,-23.184],[-20.292,-9.472],[-1.114,-2.669]],"o":[[9.467,13.585],[0,0],[0,0],[0,0]],"v":[[-160.589,-4.662],[-137.996,53.849],[-77.031,57.491],[-74.419,60.803]],"c":false}]}],"ix":2},"nm":"Path 1","mn":"ADBE Vector Shape - Group","hd":false},{"ty":"st","c":{"a":0,"k":[0.219607844949,0.196078434587,0.298039227724,1],"ix":3},"o":{"a":0,"k":100,"ix":4},"w":{"a":0,"k":0.5,"ix":5},"lc":1,"lj":1,"ml":10,"bm":0,"nm":"Stroke 1","mn":"ADBE Vector Graphic - Stroke","hd":false},{"ty":"tr","p":{"a":0,"k":[0,0],"ix":2},"a":{"a":0,"k":[0,0],"ix":1},"s":{"a":0,"k":[100,100],"ix":3},"r":{"a":0,"k":0,"ix":6},"o":{"a":0,"k":100,"ix":7},"sk":{"a":0,"k":0,"ix":4},"sa":{"a":0,"k":0,"ix":5},"nm":"Transform"}],"nm":"Group 13","np":2,"cix":2,"bm":0,"ix":2,"mn":"ADBE Vector Group","hd":false},{"ty":"gr","it":[{"ind":0,"ty":"sh","ix":1,"ks":{"a":1,"k":[{"i":{"x":0.833,"y":1},"o":{"x":0.167,"y":0},"t":15,"s":[{"i":[[-6.975,18.341],[-8.388,1.635],[-5.167,-39.266],[-17.825,-10.591],[7.233,-9.3],[9.041,17.05]],"o":[[0,0],[8.388,-1.635],[0,0],[0,0],[0,0],[-9.041,-17.05]],"v":[[-189.403,-5.566],[-176.867,-18.914],[-137.996,53.849],[-75.998,58.499],[-75.998,75.549],[-163.57,91.823]],"c":true}]},{"i":{"x":0.833,"y":1},"o":{"x":0.167,"y":0},"t":18,"s":[{"i":[[-6.975,18.341],[-8.388,1.635],[-5.167,-39.266],[-17.825,-10.591],[7.233,-9.3],[9.041,17.05]],"o":[[0,0],[8.388,-1.635],[0,0],[0,0],[0,0],[-9.041,-17.05]],"v":[[-189.403,-5.566],[-176.867,-18.914],[-137.996,53.849],[-77.248,52.999],[-76.998,68.799],[-163.57,91.823]],"c":true}]},{"i":{"x":0.833,"y":1},"o":{"x":0.167,"y":0},"t":22,"s":[{"i":[[-6.975,18.341],[-8.388,1.635],[-5.167,-39.266],[-17.825,-10.591],[7.233,-9.3],[9.041,17.05]],"o":[[0,0],[8.388,-1.635],[0,0],[0,0],[0,0],[-9.041,-17.05]],"v":[[-189.403,-5.566],[-176.867,-18.914],[-137.996,53.849],[-75.998,58.499],[-75.998,75.549],[-163.57,91.823]],"c":true}]},{"i":{"x":0.833,"y":1},"o":{"x":0.167,"y":0},"t":26,"s":[{"i":[[-6.975,18.341],[-8.388,1.635],[-5.167,-39.266],[-17.825,-10.591],[7.233,-9.3],[9.041,17.05]],"o":[[0,0],[8.388,-1.635],[0,0],[0,0],[0,0],[-9.041,-17.05]],"v":[[-189.403,-5.566],[-176.867,-18.914],[-137.996,53.849],[-77.248,52.999],[-76.998,68.799],[-163.57,91.823]],"c":true}]},{"i":{"x":0.833,"y":1},"o":{"x":0.167,"y":0},"t":30,"s":[{"i":[[-6.975,18.341],[-8.388,1.635],[-5.167,-39.266],[-17.825,-10.591],[7.233,-9.3],[9.041,17.05]],"o":[[0,0],[8.388,-1.635],[0,0],[0,0],[0,0],[-9.041,-17.05]],"v":[[-189.403,-5.566],[-176.867,-18.914],[-137.996,53.849],[-75.998,58.499],[-75.998,75.549],[-163.57,91.823]],"c":true}]},{"i":{"x":0.833,"y":1},"o":{"x":0.167,"y":0},"t":34,"s":[{"i":[[-6.975,18.341],[-8.388,1.635],[-5.167,-39.266],[-17.825,-10.591],[7.233,-9.3],[9.041,17.05]],"o":[[0,0],[8.388,-1.635],[0,0],[0,0],[0,0],[-9.041,-17.05]],"v":[[-189.403,-5.566],[-176.867,-18.914],[-137.996,53.849],[-77.248,52.999],[-76.998,68.799],[-163.57,91.823]],"c":true}]},{"i":{"x":0.833,"y":1},"o":{"x":0.167,"y":0.167},"t":38,"s":[{"i":[[-6.975,18.341],[-8.388,1.635],[-5.167,-39.266],[-17.825,-10.591],[7.233,-9.3],[9.041,17.05]],"o":[[0,0],[8.388,-1.635],[0,0],[0,0],[0,0],[-9.041,-17.05]],"v":[[-189.403,-5.566],[-176.867,-18.914],[-137.996,53.849],[-75.998,58.499],[-75.998,75.549],[-163.57,91.823]],"c":true}]},{"i":{"x":0.833,"y":1},"o":{"x":0.167,"y":0},"t":42,"s":[{"i":[[-6.975,18.341],[-8.388,1.635],[-5.167,-39.266],[-17.825,-10.591],[7.233,-9.3],[9.041,17.05]],"o":[[0,0],[8.388,-1.635],[0,0],[0,0],[0,0],[-9.041,-17.05]],"v":[[-189.403,-5.566],[-176.867,-18.914],[-137.996,53.849],[-77.248,52.999],[-76.998,68.799],[-163.57,91.823]],"c":true}]},{"i":{"x":0.833,"y":1},"o":{"x":0.167,"y":0.167},"t":46,"s":[{"i":[[-6.975,18.341],[-8.388,1.635],[-5.167,-39.266],[-17.825,-10.591],[7.233,-9.3],[9.041,17.05]],"o":[[0,0],[8.388,-1.635],[0,0],[0,0],[0,0],[-9.041,-17.05]],"v":[[-189.403,-5.566],[-176.867,-18.914],[-137.996,53.849],[-75.998,58.499],[-75.998,75.549],[-163.57,91.823]],"c":true}]},{"i":{"x":0.833,"y":1},"o":{"x":0.167,"y":0},"t":50,"s":[{"i":[[-6.975,18.341],[-8.388,1.635],[-5.167,-39.266],[-17.825,-10.591],[7.233,-9.3],[9.041,17.05]],"o":[[0,0],[8.388,-1.635],[0,0],[0,0],[0,0],[-9.041,-17.05]],"v":[[-189.403,-5.566],[-176.867,-18.914],[-137.996,53.849],[-77.248,52.999],[-76.998,68.799],[-163.57,91.823]],"c":true}]},{"t":54,"s":[{"i":[[-6.975,18.341],[-8.388,1.635],[-5.167,-39.266],[-17.825,-10.591],[7.233,-9.3],[9.041,17.05]],"o":[[0,0],[8.388,-1.635],[0,0],[0,0],[0,0],[-9.041,-17.05]],"v":[[-189.403,-5.566],[-176.867,-18.914],[-137.996,53.849],[-75.998,58.499],[-75.998,75.549],[-163.57,91.823]],"c":true}]}],"ix":2},"nm":"Path 1","mn":"ADBE Vector Shape - Group","hd":false},{"ty":"fl","c":{"a":0,"k":[0.760784327984,0.364705890417,0.411764711142,1],"ix":4},"o":{"a":0,"k":100,"ix":5},"r":1,"bm":0,"nm":"Fill 1","mn":"ADBE Vector Graphic - Fill","hd":false},{"ty":"tr","p":{"a":0,"k":[0,0],"ix":2},"a":{"a":0,"k":[0,0],"ix":1},"s":{"a":0,"k":[100,100],"ix":3},"r":{"a":0,"k":0,"ix":6},"o":{"a":0,"k":100,"ix":7},"sk":{"a":0,"k":0,"ix":4},"sa":{"a":0,"k":0,"ix":5},"nm":"Transform"}],"nm":"hand 1","np":2,"cix":2,"bm":0,"ix":3,"mn":"ADBE Vector Group","hd":false},{"ty":"gr","it":[{"ind":0,"ty":"sh","ix":1,"ks":{"a":0,"k":{"i":[[0,0],[-5.167,-5.554],[1.292,-0.517],[1.292,0.775],[5.167,1.292]],"o":[[0,0],[5.166,5.554],[-1.292,0.517],[-1.292,-0.775],[-5.167,-1.292]],"v":[[-75.998,58.499],[-55.848,60.178],[-52.232,68.315],[-60.24,68.315],[-78.089,69.924]],"c":true},"ix":2},"nm":"Path 1","mn":"ADBE Vector Shape - Group","hd":false},{"ty":"fl","c":{"a":0,"k":[0.933333337307,0.654901981354,0.556862771511,1],"ix":4},"o":{"a":0,"k":100,"ix":5},"r":1,"bm":0,"nm":"Fill 1","mn":"ADBE Vector Graphic - Fill","hd":false},{"ty":"tr","p":{"a":1,"k":[{"i":{"x":0.833,"y":1},"o":{"x":0.167,"y":0},"t":15,"s":[-78,64],"to":[0,-0.833],"ti":[0,0]},{"i":{"x":0.833,"y":1},"o":{"x":0.167,"y":0},"t":18,"s":[-78,59],"to":[0,0],"ti":[0,0]},{"i":{"x":0.833,"y":1},"o":{"x":0.167,"y":0},"t":22,"s":[-78,64],"to":[0,0],"ti":[0,0]},{"i":{"x":0.833,"y":1},"o":{"x":0.167,"y":0},"t":26,"s":[-78,59],"to":[0,0],"ti":[0,0]},{"i":{"x":0.833,"y":1},"o":{"x":0.167,"y":0},"t":30,"s":[-78,64],"to":[0,0],"ti":[0,0]},{"i":{"x":0.833,"y":1},"o":{"x":0.167,"y":0},"t":34,"s":[-78,59],"to":[0,0],"ti":[0,-0.833]},{"i":{"x":0.833,"y":1},"o":{"x":0.167,"y":0.005},"t":38,"s":[-78,64],"to":[0,0],"ti":[0,0]},{"i":{"x":0.833,"y":1},"o":{"x":0.167,"y":0},"t":42,"s":[-78,59],"to":[0,0],"ti":[0,-0.833]},{"i":{"x":0.833,"y":1},"o":{"x":0.167,"y":0.005},"t":46,"s":[-78,64],"to":[0,0],"ti":[0,0]},{"i":{"x":0.833,"y":1},"o":{"x":0.167,"y":0},"t":50,"s":[-78,59],"to":[0,0],"ti":[0,-0.833]},{"t":54,"s":[-78,64]}],"ix":2},"a":{"a":0,"k":[-78,64],"ix":1},"s":{"a":0,"k":[100,100],"ix":3},"r":{"a":1,"k":[{"i":{"x":[0.833],"y":[0.833]},"o":{"x":[0.167],"y":[0.167]},"t":15,"s":[0]},{"i":{"x":[0.833],"y":[0.833]},"o":{"x":[0.167],"y":[0.167]},"t":18,"s":[-8]},{"i":{"x":[0.833],"y":[0.833]},"o":{"x":[0.167],"y":[0.167]},"t":22,"s":[0]},{"i":{"x":[0.833],"y":[0.833]},"o":{"x":[0.167],"y":[0.167]},"t":26,"s":[-8]},{"i":{"x":[0.833],"y":[0.833]},"o":{"x":[0.167],"y":[0.167]},"t":30,"s":[0]},{"i":{"x":[0.833],"y":[0.833]},"o":{"x":[0.167],"y":[0.167]},"t":34,"s":[-8]},{"i":{"x":[0.833],"y":[0.833]},"o":{"x":[0.167],"y":[-0.003]},"t":38,"s":[0]},{"i":{"x":[0.833],"y":[0.833]},"o":{"x":[0.167],"y":[0.167]},"t":42,"s":[-8]},{"i":{"x":[0.833],"y":[0.833]},"o":{"x":[0.167],"y":[-0.003]},"t":46,"s":[0]},{"i":{"x":[0.833],"y":[0.833]},"o":{"x":[0.167],"y":[0.167]},"t":50,"s":[-8]},{"t":54,"s":[0]}],"ix":6},"o":{"a":0,"k":100,"ix":7},"sk":{"a":0,"k":0,"ix":4},"sa":{"a":0,"k":0,"ix":5},"nm":"Transform"}],"nm":"hand part 1","np":2,"cix":2,"bm":0,"ix":4,"mn":"ADBE Vector Group","hd":false},{"ty":"tr","p":{"a":0,"k":[-121.055,38.855],"ix":2},"a":{"a":0,"k":[-121.055,38.855],"ix":1},"s":{"a":0,"k":[100,100],"ix":3},"r":{"a":0,"k":0,"ix":6},"o":{"a":0,"k":100,"ix":7},"sk":{"a":0,"k":0,"ix":4},"sa":{"a":0,"k":0,"ix":5},"nm":"Transform"}],"nm":"Hand 1","np":4,"cix":2,"bm":0,"ix":3,"mn":"ADBE Vector Group","hd":false},{"ty":"gr","it":[{"ind":0,"ty":"sh","ix":1,"ks":{"a":0,"k":{"i":[[0,0],[-3.637,-2.886]],"o":[[0,0],[0,0]],"v":[[-81.565,46.986],[-74.29,48.581]],"c":false},"ix":2},"nm":"Path 1","mn":"ADBE Vector Shape - Group","hd":false},{"ty":"st","c":{"a":0,"k":[0.219607844949,0.196078434587,0.298039227724,1],"ix":3},"o":{"a":0,"k":100,"ix":4},"w":{"a":0,"k":0.5,"ix":5},"lc":1,"lj":1,"ml":10,"bm":0,"nm":"Stroke 1","mn":"ADBE Vector Graphic - Stroke","hd":false},{"ty":"tr","p":{"a":0,"k":[0,0],"ix":2},"a":{"a":0,"k":[0,0],"ix":1},"s":{"a":0,"k":[100,100],"ix":3},"r":{"a":0,"k":0,"ix":6},"o":{"a":0,"k":100,"ix":7},"sk":{"a":0,"k":0,"ix":4},"sa":{"a":0,"k":0,"ix":5},"nm":"Transform"}],"nm":"Group 4","np":2,"cix":2,"bm":0,"ix":4,"mn":"ADBE Vector Group","hd":false},{"ty":"gr","it":[{"ind":0,"ty":"sh","ix":1,"ks":{"a":0,"k":{"i":[[0,0],[-6.126,0.666]],"o":[[0,0],[0,0]],"v":[[-81.565,51.119],[-72.783,48.424]],"c":false},"ix":2},"nm":"Path 1","mn":"ADBE Vector Shape - Group","hd":false},{"ty":"st","c":{"a":0,"k":[0.219607844949,0.196078434587,0.298039227724,1],"ix":3},"o":{"a":0,"k":100,"ix":4},"w":{"a":0,"k":0.5,"ix":5},"lc":1,"lj":1,"ml":10,"bm":0,"nm":"Stroke 1","mn":"ADBE Vector Graphic - Stroke","hd":false},{"ty":"tr","p":{"a":0,"k":[0,0],"ix":2},"a":{"a":0,"k":[0,0],"ix":1},"s":{"a":0,"k":[100,100],"ix":3},"r":{"a":0,"k":0,"ix":6},"o":{"a":0,"k":100,"ix":7},"sk":{"a":0,"k":0,"ix":4},"sa":{"a":0,"k":0,"ix":5},"nm":"Transform"}],"nm":"Group 5","np":2,"cix":2,"bm":0,"ix":5,"mn":"ADBE Vector Group","hd":false},{"ty":"gr","it":[{"ind":0,"ty":"sh","ix":1,"ks":{"a":0,"k":{"i":[[0,0],[2.317,-19.218]],"o":[[0,0],[0,0]],"v":[[-91.562,-0.164],[-85.568,54.773]],"c":false},"ix":2},"nm":"Path 1","mn":"ADBE Vector Shape - Group","hd":false},{"ty":"st","c":{"a":0,"k":[0.184313729405,0.023529412225,0.258823543787,1],"ix":3},"o":{"a":0,"k":100,"ix":4},"w":{"a":0,"k":0.5,"ix":5},"lc":1,"lj":1,"ml":10,"bm":0,"nm":"Stroke 1","mn":"ADBE Vector Graphic - Stroke","hd":false},{"ty":"tr","p":{"a":0,"k":[0,0],"ix":2},"a":{"a":0,"k":[0,0],"ix":1},"s":{"a":0,"k":[100,100],"ix":3},"r":{"a":0,"k":0,"ix":6},"o":{"a":0,"k":100,"ix":7},"sk":{"a":0,"k":0,"ix":4},"sa":{"a":0,"k":0,"ix":5},"nm":"Transform"}],"nm":"Group 6","np":2,"cix":2,"bm":0,"ix":6,"mn":"ADBE Vector Group","hd":false},{"ty":"gr","it":[{"ty":"gr","it":[{"ind":0,"ty":"sh","ix":1,"ks":{"a":0,"k":{"i":[[0,0],[-0.283,-5.33]],"o":[[0,0],[0,0]],"v":[[-154.499,-63.621],[-149.955,-61.269]],"c":false},"ix":2},"nm":"Path 1","mn":"ADBE Vector Shape - Group","hd":false},{"ty":"st","c":{"a":0,"k":[0.219607844949,0.196078434587,0.298039227724,1],"ix":3},"o":{"a":0,"k":100,"ix":4},"w":{"a":0,"k":0.5,"ix":5},"lc":1,"lj":1,"ml":10,"bm":0,"nm":"Stroke 1","mn":"ADBE Vector Graphic - Stroke","hd":false},{"ty":"tr","p":{"a":0,"k":[0,0],"ix":2},"a":{"a":0,"k":[0,0],"ix":1},"s":{"a":0,"k":[100,100],"ix":3},"r":{"a":0,"k":0,"ix":6},"o":{"a":0,"k":100,"ix":7},"sk":{"a":0,"k":0,"ix":4},"sa":{"a":0,"k":0,"ix":5},"nm":"Transform"}],"nm":"h1","np":2,"cix":2,"bm":0,"ix":1,"mn":"ADBE Vector Group","hd":false},{"ty":"gr","it":[{"ind":0,"ty":"sh","ix":1,"ks":{"a":0,"k":{"i":[[0,0],[-2.325,4.026],[4.632,0.009]],"o":[[0,0],[2.325,-4.026],[0,0]],"v":[[-148.17,-55.57],[-150.624,-59.939],[-152.949,-68.468]],"c":false},"ix":2},"nm":"Path 1","mn":"ADBE Vector Shape - Group","hd":false},{"ty":"st","c":{"a":0,"k":[0.219607844949,0.196078434587,0.298039227724,1],"ix":3},"o":{"a":0,"k":100,"ix":4},"w":{"a":0,"k":0.5,"ix":5},"lc":1,"lj":1,"ml":10,"bm":0,"nm":"Stroke 1","mn":"ADBE Vector Graphic - Stroke","hd":false},{"ty":"tr","p":{"a":0,"k":[0,0],"ix":2},"a":{"a":0,"k":[0,0],"ix":1},"s":{"a":0,"k":[100,100],"ix":3},"r":{"a":0,"k":0,"ix":6},"o":{"a":0,"k":100,"ix":7},"sk":{"a":0,"k":0,"ix":4},"sa":{"a":0,"k":0,"ix":5},"nm":"Transform"}],"nm":"H ","np":2,"cix":2,"bm":0,"ix":2,"mn":"ADBE Vector Group","hd":false},{"ty":"gr","it":[{"ind":0,"ty":"sh","ix":1,"ks":{"a":0,"k":{"i":[[0,0],[-6.523,1.808]],"o":[[0,0],[0,0]],"v":[[-121.205,-54.002],[-111.711,-51.677]],"c":false},"ix":2},"nm":"Path 1","mn":"ADBE Vector Shape - Group","hd":false},{"ty":"st","c":{"a":0,"k":[0.219607844949,0.196078434587,0.298039227724,1],"ix":3},"o":{"a":0,"k":100,"ix":4},"w":{"a":0,"k":0.5,"ix":5},"lc":1,"lj":1,"ml":10,"bm":0,"nm":"Stroke 1","mn":"ADBE Vector Graphic - Stroke","hd":false},{"ty":"tr","p":{"a":0,"k":[0,0],"ix":2},"a":{"a":0,"k":[0,0],"ix":1},"s":{"a":0,"k":[100,100],"ix":3},"r":{"a":0,"k":0,"ix":6},"o":{"a":0,"k":100,"ix":7},"sk":{"a":0,"k":0,"ix":4},"sa":{"a":0,"k":0,"ix":5},"nm":"Transform"}],"nm":"Group 24","np":2,"cix":2,"bm":0,"ix":3,"mn":"ADBE Vector Group","hd":false},{"ty":"gr","it":[{"ind":0,"ty":"sh","ix":1,"ks":{"a":0,"k":{"i":[[0,0],[-2.583,-2.325],[2.841,0.129]],"o":[[0,0],[0,0],[0,0]],"v":[[-112.531,-68.468],[-109.321,-60.202],[-114.101,-58.781]],"c":false},"ix":2},"nm":"Path 1","mn":"ADBE Vector Shape - Group","hd":false},{"ty":"st","c":{"a":0,"k":[0.219607844949,0.196078434587,0.298039227724,1],"ix":3},"o":{"a":0,"k":100,"ix":4},"w":{"a":0,"k":0.5,"ix":5},"lc":1,"lj":1,"ml":10,"bm":0,"nm":"Stroke 1","mn":"ADBE Vector Graphic - Stroke","hd":false},{"ty":"tr","p":{"a":0,"k":[0,0],"ix":2},"a":{"a":0,"k":[0,0],"ix":1},"s":{"a":0,"k":[100,100],"ix":3},"r":{"a":0,"k":0,"ix":6},"o":{"a":0,"k":100,"ix":7},"sk":{"a":0,"k":0,"ix":4},"sa":{"a":0,"k":0,"ix":5},"nm":"Transform"}],"nm":"Group 25","np":2,"cix":2,"bm":0,"ix":4,"mn":"ADBE Vector Group","hd":false},{"ty":"gr","it":[{"ind":0,"ty":"sh","ix":1,"ks":{"a":0,"k":{"i":[[0,-1.474],[0.892,0],[0,1.474],[-0.892,0]],"o":[[0,1.474],[-0.892,0],[0,-1.474],[0.892,0]],"v":[[-104.543,-70.32],[-106.157,-67.65],[-107.772,-70.32],[-106.157,-72.989]],"c":true},"ix":2},"nm":"Path 1","mn":"ADBE Vector Shape - Group","hd":false},{"ty":"fl","c":{"a":0,"k":[0.219607844949,0.196078434587,0.298039227724,1],"ix":4},"o":{"a":0,"k":100,"ix":5},"r":1,"bm":0,"nm":"Fill 1","mn":"ADBE Vector Graphic - Fill","hd":false},{"ty":"tr","p":{"a":0,"k":[0,0],"ix":2},"a":{"a":0,"k":[0,0],"ix":1},"s":{"a":0,"k":[100,100],"ix":3},"r":{"a":0,"k":0,"ix":6},"o":{"a":0,"k":100,"ix":7},"sk":{"a":0,"k":0,"ix":4},"sa":{"a":0,"k":0,"ix":5},"nm":"Transform"}],"nm":"Group 26","np":2,"cix":2,"bm":0,"ix":5,"mn":"ADBE Vector Group","hd":false},{"ty":"gr","it":[{"ind":0,"ty":"sh","ix":1,"ks":{"a":0,"k":{"i":[[0,-1.474],[0.892,0],[0,1.474],[-0.892,0]],"o":[[0,1.474],[-0.892,0],[0,-1.474],[0.892,0]],"v":[[-124.046,-70.32],[-125.661,-67.65],[-127.275,-70.32],[-125.661,-72.989]],"c":true},"ix":2},"nm":"Path 1","mn":"ADBE Vector Shape - Group","hd":false},{"ty":"fl","c":{"a":0,"k":[0.219607844949,0.196078434587,0.298039227724,1],"ix":4},"o":{"a":0,"k":100,"ix":5},"r":1,"bm":0,"nm":"Fill 1","mn":"ADBE Vector Graphic - Fill","hd":false},{"ty":"tr","p":{"a":0,"k":[0,0],"ix":2},"a":{"a":0,"k":[0,0],"ix":1},"s":{"a":0,"k":[100,100],"ix":3},"r":{"a":0,"k":0,"ix":6},"o":{"a":0,"k":100,"ix":7},"sk":{"a":0,"k":0,"ix":4},"sa":{"a":0,"k":0,"ix":5},"nm":"Transform"}],"nm":"Group 27","np":2,"cix":2,"bm":0,"ix":6,"mn":"ADBE Vector Group","hd":false},{"ty":"gr","it":[{"ind":0,"ty":"sh","ix":1,"ks":{"a":0,"k":{"i":[[0,0],[-1.421,-3.599]],"o":[[0,0],[0,0]],"v":[[-109.321,-78.508],[-102.993,-76.976]],"c":false},"ix":2},"nm":"Path 1","mn":"ADBE Vector Shape - Group","hd":false},{"ty":"st","c":{"a":0,"k":[0.219607844949,0.196078434587,0.298039227724,1],"ix":3},"o":{"a":0,"k":100,"ix":4},"w":{"a":0,"k":0.5,"ix":5},"lc":1,"lj":1,"ml":10,"bm":0,"nm":"Stroke 1","mn":"ADBE Vector Graphic - Stroke","hd":false},{"ty":"tr","p":{"a":0,"k":[0,0],"ix":2},"a":{"a":0,"k":[0,0],"ix":1},"s":{"a":0,"k":[100,100],"ix":3},"r":{"a":0,"k":0,"ix":6},"o":{"a":0,"k":100,"ix":7},"sk":{"a":0,"k":0,"ix":4},"sa":{"a":0,"k":0,"ix":5},"nm":"Transform"}],"nm":"Group 28","np":2,"cix":2,"bm":0,"ix":7,"mn":"ADBE Vector Group","hd":false},{"ty":"gr","it":[{"ind":0,"ty":"sh","ix":1,"ks":{"a":0,"k":{"i":[[0,0],[-5.683,-2.841]],"o":[[0,0],[0,0]],"v":[[-130.375,-75.443],[-121.205,-77.639]],"c":false},"ix":2},"nm":"Path 1","mn":"ADBE Vector Shape - Group","hd":false},{"ty":"st","c":{"a":0,"k":[0.219607844949,0.196078434587,0.298039227724,1],"ix":3},"o":{"a":0,"k":100,"ix":4},"w":{"a":0,"k":0.5,"ix":5},"lc":1,"lj":1,"ml":10,"bm":0,"nm":"Stroke 1","mn":"ADBE Vector Graphic - Stroke","hd":false},{"ty":"tr","p":{"a":0,"k":[0,0],"ix":2},"a":{"a":0,"k":[0,0],"ix":1},"s":{"a":0,"k":[100,100],"ix":3},"r":{"a":0,"k":0,"ix":6},"o":{"a":0,"k":100,"ix":7},"sk":{"a":0,"k":0,"ix":4},"sa":{"a":0,"k":0,"ix":5},"nm":"Transform"}],"nm":"Group 29","np":2,"cix":2,"bm":0,"ix":8,"mn":"ADBE Vector Group","hd":false},{"ty":"gr","it":[{"ind":0,"ty":"sh","ix":1,"ks":{"a":0,"k":{"i":[[0,0],[5.339,-4.133],[-13.777,0.517]],"o":[[0,0],[-5.339,4.133],[0,0]],"v":[[-144.885,-64.895],[-155.907,-70.578],[-144.885,-52.323]],"c":true},"ix":2},"nm":"Path 1","mn":"ADBE Vector Shape - Group","hd":false},{"ty":"fl","c":{"a":0,"k":[0.933333337307,0.654901981354,0.556862771511,1],"ix":4},"o":{"a":0,"k":100,"ix":5},"r":1,"bm":0,"nm":"Fill 1","mn":"ADBE Vector Graphic - Fill","hd":false},{"ty":"tr","p":{"a":0,"k":[0,0],"ix":2},"a":{"a":0,"k":[0,0],"ix":1},"s":{"a":0,"k":[100,100],"ix":3},"r":{"a":0,"k":0,"ix":6},"o":{"a":0,"k":100,"ix":7},"sk":{"a":0,"k":0,"ix":4},"sa":{"a":0,"k":0,"ix":5},"nm":"Transform"}],"nm":"Group 30","np":2,"cix":2,"bm":0,"ix":9,"mn":"ADBE Vector Group","hd":false},{"ty":"gr","it":[{"ind":0,"ty":"sh","ix":1,"ks":{"a":0,"k":{"i":[[0,0],[10.85,-1.894],[-2.928,3.961],[6.028,-1.206],[5.683,0.345],[0,0],[-4.78,-3.984],[5.854,9.644],[-7.922,20.15],[-19.805,1.206],[-3.789,4.133],[0,0],[14.639,-25.833],[9.644,-11.366]],"o":[[0,0],[0,0],[0,0],[0,0],[-5.683,-0.344],[0,0],[0,0],[-5.854,-9.644],[0,0],[0,0],[3.789,-4.133],[0,0],[0,0],[0,0]],"v":[[-108.459,-93.809],[-126.285,-81.256],[-125.424,-86.767],[-137.135,-78.672],[-141.268,-55.423],[-146.607,-65.067],[-143.838,-47.338],[-158.491,-53.184],[-161.762,-97.961],[-156.596,-104.161],[-156.423,-117.077],[-151.688,-108.294],[-114.747,-112.083],[-101.486,-109.327]],"c":true},"ix":2},"nm":"Path 1","mn":"ADBE Vector Shape - Group","hd":false},{"ty":"fl","c":{"a":0,"k":[0.219607844949,0.196078434587,0.298039227724,1],"ix":4},"o":{"a":0,"k":100,"ix":5},"r":1,"bm":0,"nm":"Fill 1","mn":"ADBE Vector Graphic - Fill","hd":false},{"ty":"tr","p":{"a":0,"k":[0,0],"ix":2},"a":{"a":0,"k":[0,0],"ix":1},"s":{"a":0,"k":[100,100],"ix":3},"r":{"a":0,"k":0,"ix":6},"o":{"a":0,"k":100,"ix":7},"sk":{"a":0,"k":0,"ix":4},"sa":{"a":0,"k":0,"ix":5},"nm":"Transform"}],"nm":"Group 31","np":2,"cix":2,"bm":0,"ix":10,"mn":"ADBE Vector Group","hd":false},{"ty":"gr","it":[{"ind":0,"ty":"sh","ix":1,"ks":{"a":0,"k":{"i":[[0,0],[11.539,0.001],[3.38,6.76],[-35.065,2.205]],"o":[[0,0],[-17.051,-0.001],[0,0],[27.383,-1.722]],"v":[[-99.53,-76.452],[-114.919,-35.758],[-147.974,-52.793],[-124.907,-96.755]],"c":true},"ix":2},"nm":"Path 1","mn":"ADBE Vector Shape - Group","hd":false},{"ty":"fl","c":{"a":0,"k":[0.933333337307,0.654901981354,0.556862771511,1],"ix":4},"o":{"a":0,"k":100,"ix":5},"r":1,"bm":0,"nm":"Fill 1","mn":"ADBE Vector Graphic - Fill","hd":false},{"ty":"tr","p":{"a":0,"k":[0,0],"ix":2},"a":{"a":0,"k":[0,0],"ix":1},"s":{"a":0,"k":[100,100],"ix":3},"r":{"a":0,"k":0,"ix":6},"o":{"a":0,"k":100,"ix":7},"sk":{"a":0,"k":0,"ix":4},"sa":{"a":0,"k":0,"ix":5},"nm":"Transform"}],"nm":"Group 32","np":2,"cix":2,"bm":0,"ix":11,"mn":"ADBE Vector Group","hd":false},{"ty":"gr","it":[{"ind":0,"ty":"sh","ix":1,"ks":{"a":0,"k":{"i":[[6.587,-5.296],[-0.459,-2.212],[-12.823,-1.384],[0,0]],"o":[[-0.088,0.071],[4.698,4.988],[-0.88,-5.536],[0,0]],"v":[[-145.488,-49.094],[-144.809,-45.379],[-117.865,-30.964],[-119.655,-43.54]],"c":true},"ix":2},"nm":"Path 1","mn":"ADBE Vector Shape - Group","hd":false},{"ty":"fl","c":{"a":0,"k":[0.933333337307,0.654901981354,0.556862771511,1],"ix":4},"o":{"a":0,"k":100,"ix":5},"r":1,"bm":0,"nm":"Fill 1","mn":"ADBE Vector Graphic - Fill","hd":false},{"ty":"tr","p":{"a":0,"k":[0,0],"ix":2},"a":{"a":0,"k":[0,0],"ix":1},"s":{"a":0,"k":[100,100],"ix":3},"r":{"a":0,"k":0,"ix":6},"o":{"a":0,"k":100,"ix":7},"sk":{"a":0,"k":0,"ix":4},"sa":{"a":0,"k":0,"ix":5},"nm":"Transform"}],"nm":"Group 33","np":2,"cix":2,"bm":0,"ix":12,"mn":"ADBE Vector Group","hd":false},{"ty":"gr","it":[{"ind":0,"ty":"sh","ix":1,"ks":{"a":0,"k":{"i":[[6.587,-5.296],[0.775,-9.171],[0.743,0.129],[0,0]],"o":[[-0.302,0.243],[0,0],[-0.743,-0.129],[0,0]],"v":[[-145.487,-49.094],[-142.258,-23.649],[-116.458,-24.424],[-119.655,-43.54]],"c":true},"ix":2},"nm":"Path 1","mn":"ADBE Vector Shape - Group","hd":false},{"ty":"fl","c":{"a":0,"k":[0.933333337307,0.654901981354,0.556862771511,1],"ix":4},"o":{"a":0,"k":100,"ix":5},"r":1,"bm":0,"nm":"Fill 1","mn":"ADBE Vector Graphic - Fill","hd":false},{"ty":"tr","p":{"a":0,"k":[0,0],"ix":2},"a":{"a":0,"k":[0,0],"ix":1},"s":{"a":0,"k":[100,100],"ix":3},"r":{"a":0,"k":0,"ix":6},"o":{"a":0,"k":100,"ix":7},"sk":{"a":0,"k":0,"ix":4},"sa":{"a":0,"k":0,"ix":5},"nm":"Transform"}],"nm":"Group 34","np":2,"cix":2,"bm":0,"ix":13,"mn":"ADBE Vector Group","hd":false},{"ty":"gr","it":[{"ind":0,"ty":"sh","ix":1,"ks":{"a":0,"k":{"i":[[0,0],[0.861,-21.699],[0,0],[0,0]],"o":[[0.517,-0.172],[-0.861,21.699],[0,0],[0,0]],"v":[[-108.891,-109.155],[-90.808,-91.933],[-104.586,-67.65],[-118.708,-100.027]],"c":true},"ix":2},"nm":"Path 1","mn":"ADBE Vector Shape - Group","hd":false},{"ty":"fl","c":{"a":0,"k":[0.219607844949,0.196078434587,0.298039227724,1],"ix":4},"o":{"a":0,"k":100,"ix":5},"r":1,"bm":0,"nm":"Fill 1","mn":"ADBE Vector Graphic - Fill","hd":false},{"ty":"tr","p":{"a":0,"k":[0,0],"ix":2},"a":{"a":0,"k":[0,0],"ix":1},"s":{"a":0,"k":[100,100],"ix":3},"r":{"a":0,"k":0,"ix":6},"o":{"a":0,"k":100,"ix":7},"sk":{"a":0,"k":0,"ix":4},"sa":{"a":0,"k":0,"ix":5},"nm":"Transform"}],"nm":"Group 35","np":2,"cix":2,"bm":0,"ix":14,"mn":"ADBE Vector Group","hd":false},{"ty":"tr","p":{"a":0,"k":[-131.834,-26.019],"ix":2},"a":{"a":0,"k":[-131.834,-26.019],"ix":1},"s":{"a":0,"k":[100,100],"ix":3},"r":{"a":1,"k":[{"i":{"x":[0.833],"y":[0.833]},"o":{"x":[0.167],"y":[0.167]},"t":21,"s":[0]},{"i":{"x":[0.833],"y":[0.833]},"o":{"x":[0.167],"y":[0.167]},"t":27,"s":[5]},{"i":{"x":[0.833],"y":[0.953]},"o":{"x":[0.167],"y":[0.047]},"t":33,"s":[0]},{"i":{"x":[0.833],"y":[0.833]},"o":{"x":[0.167],"y":[0.167]},"t":40,"s":[0]},{"i":{"x":[0.833],"y":[0.833]},"o":{"x":[0.167],"y":[0.167]},"t":46,"s":[5]},{"t":52,"s":[0]}],"ix":6},"o":{"a":0,"k":100,"ix":7},"sk":{"a":0,"k":0,"ix":4},"sa":{"a":0,"k":0,"ix":5},"nm":"Transform"}],"nm":"Head","np":14,"cix":2,"bm":0,"ix":7,"mn":"ADBE Vector Group","hd":false},{"ty":"gr","it":[{"ind":0,"ty":"sh","ix":1,"ks":{"a":0,"k":{"i":[[5.747,-1.633],[0.891,5.857],[-1.679,-5.173],[1.55,-6.458]],"o":[[0,0],[0,0],[0,0],[0,0]],"v":[[-118.708,-15.641],[-117.72,-30.064],[-110.613,-25.076],[-109.321,-5.695]],"c":true},"ix":2},"nm":"Path 1","mn":"ADBE Vector Shape - Group","hd":false},{"ty":"fl","c":{"a":0,"k":[0.184313729405,0.023529412225,0.258823543787,1],"ix":4},"o":{"a":0,"k":100,"ix":5},"r":1,"bm":0,"nm":"Fill 1","mn":"ADBE Vector Graphic - Fill","hd":false},{"ty":"tr","p":{"a":0,"k":[0,0],"ix":2},"a":{"a":0,"k":[0,0],"ix":1},"s":{"a":0,"k":[100,100],"ix":3},"r":{"a":0,"k":0,"ix":6},"o":{"a":0,"k":100,"ix":7},"sk":{"a":0,"k":0,"ix":4},"sa":{"a":0,"k":0,"ix":5},"nm":"Transform"}],"nm":"Group 9","np":2,"cix":2,"bm":0,"ix":8,"mn":"ADBE Vector Group","hd":false},{"ty":"gr","it":[{"ind":0,"ty":"sh","ix":1,"ks":{"a":0,"k":{"i":[[0,0],[-0.646,-9.041],[3.358,8.267],[-6.881,2.199]],"o":[[0,0],[0,0],[0,0],[0,0]],"v":[[-127.275,-17.062],[-136.446,-4.662],[-151.688,-23.649],[-142.423,-30.879]],"c":true},"ix":2},"nm":"Path 1","mn":"ADBE Vector Shape - Group","hd":false},{"ty":"fl","c":{"a":0,"k":[0.219607844949,0.196078434587,0.298039227724,1],"ix":4},"o":{"a":0,"k":100,"ix":5},"r":1,"bm":0,"nm":"Fill 1","mn":"ADBE Vector Graphic - Fill","hd":false},{"ty":"tr","p":{"a":0,"k":[0,0],"ix":2},"a":{"a":0,"k":[0,0],"ix":1},"s":{"a":0,"k":[100,100],"ix":3},"r":{"a":0,"k":0,"ix":6},"o":{"a":0,"k":100,"ix":7},"sk":{"a":0,"k":0,"ix":4},"sa":{"a":0,"k":0,"ix":5},"nm":"Transform"}],"nm":"Group 10","np":2,"cix":2,"bm":0,"ix":9,"mn":"ADBE Vector Group","hd":false},{"ty":"gr","it":[{"ind":0,"ty":"sh","ix":1,"ks":{"a":0,"k":{"i":[[-9.79,0],[0,3.78],[0.941,1.004],[12.056,-0.585],[0,-0.696]],"o":[[9.79,0],[0,-1.034],[-6.772,0.126],[-0.438,0.696],[0,3.78]],"v":[[-126.637,-13.933],[-110.025,-21.926],[-111.492,-25.028],[-142.577,-24.029],[-143.25,-21.926]],"c":true},"ix":2},"nm":"Path 1","mn":"ADBE Vector Shape - Group","hd":false},{"ty":"fl","c":{"a":0,"k":[0.933333337307,0.654901981354,0.556862771511,1],"ix":4},"o":{"a":0,"k":100,"ix":5},"r":1,"bm":0,"nm":"Fill 1","mn":"ADBE Vector Graphic - Fill","hd":false},{"ty":"tr","p":{"a":0,"k":[0,0],"ix":2},"a":{"a":0,"k":[0,0],"ix":1},"s":{"a":0,"k":[100,100],"ix":3},"r":{"a":0,"k":0,"ix":6},"o":{"a":0,"k":100,"ix":7},"sk":{"a":0,"k":0,"ix":4},"sa":{"a":0,"k":0,"ix":5},"nm":"Transform"}],"nm":"Group 11","np":2,"cix":2,"bm":0,"ix":10,"mn":"ADBE Vector Group","hd":false},{"ty":"gr","it":[{"ind":0,"ty":"sh","ix":1,"ks":{"a":0,"k":{"i":[[0,5.659],[0.59,0.993],[14.767,-0.773],[0,-0.675],[-10.419,0]],"o":[[0,-1.1],[-5.999,0.096],[-0.229,0.639],[0,5.659],[10.419,0]],"v":[[-107.772,-21.927],[-108.689,-25.076],[-145.146,-23.899],[-145.503,-21.927],[-126.637,-11.68]],"c":true},"ix":2},"nm":"Path 1","mn":"ADBE Vector Shape - Group","hd":false},{"ty":"fl","c":{"a":0,"k":[0.760784327984,0.364705890417,0.411764711142,1],"ix":4},"o":{"a":0,"k":100,"ix":5},"r":1,"bm":0,"nm":"Fill 1","mn":"ADBE Vector Graphic - Fill","hd":false},{"ty":"tr","p":{"a":0,"k":[0,0],"ix":2},"a":{"a":0,"k":[0,0],"ix":1},"s":{"a":0,"k":[100,100],"ix":3},"r":{"a":0,"k":0,"ix":6},"o":{"a":0,"k":100,"ix":7},"sk":{"a":0,"k":0,"ix":4},"sa":{"a":0,"k":0,"ix":5},"nm":"Transform"}],"nm":"Group 12","np":2,"cix":2,"bm":0,"ix":11,"mn":"ADBE Vector Group","hd":false},{"ty":"gr","it":[{"ind":0,"ty":"sh","ix":1,"ks":{"a":0,"k":{"i":[[0,0],[-4.994,-3.1],[0,0],[2.378,6.427]],"o":[[0,0],[4.994,3.1],[0,0],[-2.755,-7.449]],"v":[[-50.017,56.407],[-57.226,66.507],[-38.971,67.196],[-36.043,60.178]],"c":true},"ix":2},"nm":"Path 1","mn":"ADBE Vector Shape - Group","hd":false},{"ty":"fl","c":{"a":0,"k":[0.933333337307,0.654901981354,0.556862771511,1],"ix":4},"o":{"a":0,"k":100,"ix":5},"r":1,"bm":0,"nm":"Fill 1","mn":"ADBE Vector Graphic - Fill","hd":false},{"ty":"tr","p":{"a":0,"k":[0,0],"ix":2},"a":{"a":0,"k":[0,0],"ix":1},"s":{"a":0,"k":[100,100],"ix":3},"r":{"a":0,"k":0,"ix":6},"o":{"a":0,"k":100,"ix":7},"sk":{"a":0,"k":0,"ix":4},"sa":{"a":0,"k":0,"ix":5},"nm":"Transform"}],"nm":"hand 2 part","np":2,"cix":2,"bm":0,"ix":12,"mn":"ADBE Vector Group","hd":false},{"ty":"gr","it":[{"ind":0,"ty":"sh","ix":1,"ks":{"a":0,"k":{"i":[[0,0]],"o":[[0,0]],"v":[[-20.561,121.823]],"c":false},"ix":2},"nm":"Path 1","mn":"ADBE Vector Shape - Group","hd":false},{"ty":"fl","c":{"a":0,"k":[0.364705890417,0.247058823705,0.419607847929,1],"ix":4},"o":{"a":0,"k":100,"ix":5},"r":1,"bm":0,"nm":"Fill 1","mn":"ADBE Vector Graphic - Fill","hd":false},{"ty":"tr","p":{"a":0,"k":[0,0],"ix":2},"a":{"a":0,"k":[0,0],"ix":1},"s":{"a":0,"k":[100,100],"ix":3},"r":{"a":0,"k":0,"ix":6},"o":{"a":0,"k":100,"ix":7},"sk":{"a":0,"k":0,"ix":4},"sa":{"a":0,"k":0,"ix":5},"nm":"Transform"}],"nm":"Group 19","np":2,"cix":2,"bm":0,"ix":13,"mn":"ADBE Vector Group","hd":false},{"ty":"gr","it":[{"ind":0,"ty":"sh","ix":1,"ks":{"a":1,"k":[{"i":{"x":0.833,"y":1},"o":{"x":0.167,"y":0},"t":15,"s":[{"i":[[0,0],[-22.267,-20.239]],"o":[[15.019,12.789],[0,0]],"v":[[3.418,173.308],[59.212,222.544]],"c":false}]},{"i":{"x":0.833,"y":1},"o":{"x":0.167,"y":0},"t":21,"s":[{"i":[[0,0],[-22.267,-20.239]],"o":[[15.019,12.789],[0,0]],"v":[[7.418,170.308],[63.212,219.544]],"c":false}]},{"t":27,"s":[{"i":[[0,0],[-22.267,-20.239]],"o":[[15.019,12.789],[0,0]],"v":[[3.418,173.308],[59.212,222.544]],"c":false}]}],"ix":2},"nm":"Path 1","mn":"ADBE Vector Shape - Group","hd":false},{"ty":"st","c":{"a":0,"k":[1,1,1,1],"ix":3},"o":{"a":0,"k":100,"ix":4},"w":{"a":0,"k":0.5,"ix":5},"lc":1,"lj":1,"ml":10,"bm":0,"nm":"Stroke 1","mn":"ADBE Vector Graphic - Stroke","hd":false},{"ty":"tr","p":{"a":0,"k":[0,0],"ix":2},"a":{"a":0,"k":[0,0],"ix":1},"s":{"a":0,"k":[100,100],"ix":3},"r":{"a":0,"k":0,"ix":6},"o":{"a":0,"k":100,"ix":7},"sk":{"a":0,"k":0,"ix":4},"sa":{"a":0,"k":0,"ix":5},"nm":"Transform"}],"nm":"Group 20","np":2,"cix":2,"bm":0,"ix":14,"mn":"ADBE Vector Group","hd":false},{"ty":"gr","it":[{"ind":0,"ty":"sh","ix":1,"ks":{"a":1,"k":[{"i":{"x":0.833,"y":1},"o":{"x":0.167,"y":0},"t":15,"s":[{"i":[[0,0],[0,0],[11.023,0],[23.447,-1.378]],"o":[[0,0],[0,0],[-12.441,0],[0,0]],"v":[[52.357,162.88],[-10.41,96.376],[-36.966,78.563],[-98.664,81.174]],"c":false}]},{"i":{"x":0.833,"y":1},"o":{"x":0.167,"y":0},"t":21,"s":[{"i":[[0,0],[0,0],[11.023,0],[23.447,-1.378]],"o":[[0,0],[0,0],[-12.441,0],[0,0]],"v":[[54.357,162.38],[-8.41,95.876],[-34.966,78.063],[-96.664,80.674]],"c":false}]},{"t":27,"s":[{"i":[[0,0],[0,0],[11.023,0],[23.447,-1.378]],"o":[[0,0],[0,0],[-12.441,0],[0,0]],"v":[[52.357,162.88],[-10.41,96.376],[-36.966,78.563],[-98.664,81.174]],"c":false}]}],"ix":2},"nm":"Path 1","mn":"ADBE Vector Shape - Group","hd":false},{"ty":"st","c":{"a":0,"k":[1,1,1,1],"ix":3},"o":{"a":0,"k":100,"ix":4},"w":{"a":0,"k":0.5,"ix":5},"lc":1,"lj":1,"ml":10,"bm":0,"nm":"Stroke 1","mn":"ADBE Vector Graphic - Stroke","hd":false},{"ty":"tr","p":{"a":0,"k":[0,0],"ix":2},"a":{"a":0,"k":[0,0],"ix":1},"s":{"a":0,"k":[100,100],"ix":3},"r":{"a":0,"k":0,"ix":6},"o":{"a":0,"k":100,"ix":7},"sk":{"a":0,"k":0,"ix":4},"sa":{"a":0,"k":0,"ix":5},"nm":"Transform"}],"nm":"Group 21","np":2,"cix":2,"bm":0,"ix":15,"mn":"ADBE Vector Group","hd":false},{"ty":"gr","it":[{"ind":0,"ty":"sh","ix":1,"ks":{"a":1,"k":[{"i":{"x":0.833,"y":1},"o":{"x":0.167,"y":0},"t":15,"s":[{"i":[[0,0],[-41.34,-3.285],[0,0],[-84.858,-78.051],[-6.57,3.012],[0,0],[11.023,0],[23.447,-1.378]],"o":[[0,0],[41.34,3.285],[0,0],[0.806,0.741],[0,0],[0,0],[-12.441,0],[-29.188,1.715]],"v":[[-154.048,84.672],[-127.037,131.966],[-48.191,131.892],[80.475,242.633],[112.103,225.734],[-10.41,96.376],[-36.966,78.563],[-98.664,77.404]],"c":true}]},{"i":{"x":0.833,"y":1},"o":{"x":0.167,"y":0},"t":21,"s":[{"i":[[0,0],[-41.34,-3.285],[0,0],[-84.858,-78.051],[-6.57,3.012],[0,0],[11.023,0],[23.447,-1.378]],"o":[[0,0],[41.34,3.285],[0,0],[0.806,0.741],[0,0],[0,0],[-12.441,0],[-29.188,1.715]],"v":[[-154.048,84.672],[-127.037,131.966],[-48.191,131.892],[85.225,240.133],[113.353,219.734],[-10.41,96.376],[-36.966,78.563],[-98.664,77.404]],"c":true}]},{"t":27,"s":[{"i":[[0,0],[-41.34,-3.285],[0,0],[-84.858,-78.051],[-6.57,3.012],[0,0],[11.023,0],[23.447,-1.378]],"o":[[0,0],[41.34,3.285],[0,0],[0.806,0.741],[0,0],[0,0],[-12.441,0],[-29.188,1.715]],"v":[[-154.048,84.672],[-127.037,131.966],[-48.191,131.892],[80.475,242.633],[112.103,225.734],[-10.41,96.376],[-36.966,78.563],[-98.664,77.404]],"c":true}]}],"ix":2},"nm":"Path 1","mn":"ADBE Vector Shape - Group","hd":false},{"ty":"fl","c":{"a":0,"k":[0.364705890417,0.247058823705,0.419607847929,1],"ix":4},"o":{"a":0,"k":100,"ix":5},"r":1,"bm":0,"nm":"Fill 1","mn":"ADBE Vector Graphic - Fill","hd":false},{"ty":"tr","p":{"a":0,"k":[-122,95],"ix":2},"a":{"a":0,"k":[-122,95],"ix":1},"s":{"a":0,"k":[100,100],"ix":3},"r":{"a":0,"k":0,"ix":6},"o":{"a":0,"k":100,"ix":7},"sk":{"a":0,"k":0,"ix":4},"sa":{"a":0,"k":0,"ix":5},"nm":"Transform"}],"nm":"leg 1","np":2,"cix":2,"bm":0,"ix":16,"mn":"ADBE Vector Group","hd":false},{"ty":"gr","it":[{"ind":0,"ty":"sh","ix":1,"ks":{"a":0,"k":{"i":[[0,0],[-17.911,2.756],[0,0],[0,-13.002],[0,0],[32.979,4.585]],"o":[[0,0],[17.911,-2.755],[0,0],[0,13.002],[0,0],[0,0]],"v":[[-181.567,-0.486],[-169.167,-21.841],[-106.157,-25.113],[-91.842,-12.799],[-88.742,74.085],[-154.184,83.88]],"c":true},"ix":2},"nm":"Path 1","mn":"ADBE Vector Shape - Group","hd":false},{"ty":"fl","c":{"a":0,"k":[0.760784327984,0.364705890417,0.411764711142,1],"ix":4},"o":{"a":0,"k":100,"ix":5},"r":1,"bm":0,"nm":"Fill 1","mn":"ADBE Vector Graphic - Fill","hd":false},{"ty":"tr","p":{"a":0,"k":[0,0],"ix":2},"a":{"a":0,"k":[0,0],"ix":1},"s":{"a":0,"k":[100,100],"ix":3},"r":{"a":0,"k":0,"ix":6},"o":{"a":0,"k":100,"ix":7},"sk":{"a":0,"k":0,"ix":4},"sa":{"a":0,"k":0,"ix":5},"nm":"Transform"}],"nm":"body","np":2,"cix":2,"bm":0,"ix":17,"mn":"ADBE Vector Group","hd":false},{"ty":"gr","it":[{"ind":0,"ty":"sh","ix":1,"ks":{"a":1,"k":[{"i":{"x":0.833,"y":1},"o":{"x":0.167,"y":0},"t":15,"s":[{"i":[[0,0],[-2.842,-27.383],[0,0],[-7.176,-8.008],[9.902,-0.167],[0,0]],"o":[[0,0],[0,0],[0,0],[7.175,8.008],[0,0],[0,0]],"v":[[-95.092,-21.345],[-76.256,26.983],[-72.783,48.424],[-44.424,52.816],[-52.232,68.315],[-88.742,74.085]],"c":true}]},{"t":27,"s":[{"i":[[0,0],[-2.842,-27.383],[0,0],[-7.176,-8.008],[9.902,-0.167],[0,0]],"o":[[0,0],[0,0],[0,0],[7.175,8.008],[0,0],[0,0]],"v":[[-95.092,-21.345],[-76.256,26.983],[-72.783,48.424],[-44.424,52.816],[-52.232,68.315],[-88.742,74.085]],"c":true}]}],"ix":2},"nm":"Path 1","mn":"ADBE Vector Shape - Group","hd":false},{"ty":"fl","c":{"a":0,"k":[0.760784327984,0.364705890417,0.411764711142,1],"ix":4},"o":{"a":0,"k":100,"ix":5},"r":1,"bm":0,"nm":"Fill 1","mn":"ADBE Vector Graphic - Fill","hd":false},{"ty":"tr","p":{"a":0,"k":[0,0],"ix":2},"a":{"a":0,"k":[0,0],"ix":1},"s":{"a":0,"k":[100,100],"ix":3},"r":{"a":0,"k":0,"ix":6},"o":{"a":0,"k":100,"ix":7},"sk":{"a":0,"k":0,"ix":4},"sa":{"a":0,"k":0,"ix":5},"nm":"Transform"}],"nm":"hand 2","np":2,"cix":2,"bm":0,"ix":18,"mn":"ADBE Vector Group","hd":false},{"ty":"gr","it":[{"ind":0,"ty":"sh","ix":1,"ks":{"a":0,"k":{"i":[[-13.78,2.008],[-18.069,-0.274],[-1.511,-9.012],[0,0],[1.059,2.177],[0,0],[19.164,9.035],[0,0]],"o":[[0,0],[18.069,0.274],[1.816,10.828],[0,0],[-30.005,-61.692],[0,0],[-19.164,-9.034],[0,0]],"v":[[-89.72,74.291],[14.79,70.641],[37.402,97.745],[54.186,239.768],[23.482,239.768],[-5.033,119.646],[-99.484,119.92],[-123.258,83.773]],"c":true},"ix":2},"nm":"Path 1","mn":"ADBE Vector Shape - Group","hd":false},{"ty":"fl","c":{"a":0,"k":[0.364705890417,0.247058823705,0.419607847929,1],"ix":4},"o":{"a":0,"k":100,"ix":5},"r":1,"bm":0,"nm":"Fill 1","mn":"ADBE Vector Graphic - Fill","hd":false},{"ty":"tr","p":{"a":0,"k":[0,0],"ix":2},"a":{"a":0,"k":[0,0],"ix":1},"s":{"a":0,"k":[100,100],"ix":3},"r":{"a":0,"k":0,"ix":6},"o":{"a":0,"k":100,"ix":7},"sk":{"a":0,"k":0,"ix":4},"sa":{"a":0,"k":0,"ix":5},"nm":"Transform"}],"nm":"leg 2","np":2,"cix":2,"bm":0,"ix":19,"mn":"ADBE Vector Group","hd":false},{"ty":"gr","it":[{"ind":0,"ty":"sh","ix":1,"ks":{"a":0,"k":{"i":[[0,0],[0,0],[15.738,-7.088],[0,0]],"o":[[0,0],[0,0],[0,0],[0,0]],"v":[[107.127,225.348],[142.517,226.063],[98.325,255.086],[89.254,237.086]],"c":true},"ix":2},"nm":"Path 1","mn":"ADBE Vector Shape - Group","hd":false},{"ty":"fl","c":{"a":0,"k":[0.760784327984,0.364705890417,0.411764711142,1],"ix":4},"o":{"a":0,"k":100,"ix":5},"r":1,"bm":0,"nm":"Fill 1","mn":"ADBE Vector Graphic - Fill","hd":false},{"ty":"tr","p":{"a":1,"k":[{"i":{"x":0.833,"y":0.886},"o":{"x":0.167,"y":0.114},"t":15,"s":[86.5,239],"to":[1.083,-1.167],"ti":[0,0]},{"i":{"x":0.833,"y":1},"o":{"x":0.167,"y":0},"t":21,"s":[93,232],"to":[0,0],"ti":[1.083,-1.167]},{"t":27,"s":[86.5,239]}],"ix":2},"a":{"a":0,"k":[94,235],"ix":1},"s":{"a":0,"k":[100,100],"ix":3},"r":{"a":0,"k":-5.333,"ix":6},"o":{"a":0,"k":100,"ix":7},"sk":{"a":0,"k":0,"ix":4},"sa":{"a":0,"k":0,"ix":5},"nm":"Transform"}],"nm":"leg 1","np":2,"cix":2,"bm":0,"ix":20,"mn":"ADBE Vector Group","hd":false},{"ty":"gr","it":[{"ind":0,"ty":"sh","ix":1,"ks":{"a":0,"k":{"i":[[0,0],[0,0],[17.046,2.715],[0,0]],"o":[[0,0],[0,0],[0,0],[0,0]],"v":[[52.854,239.768],[82.043,259.793],[29.172,259.793],[31.472,239.768]],"c":true},"ix":2},"nm":"Path 1","mn":"ADBE Vector Shape - Group","hd":false},{"ty":"fl","c":{"a":0,"k":[0.760784327984,0.364705890417,0.411764711142,1],"ix":4},"o":{"a":0,"k":100,"ix":5},"r":1,"bm":0,"nm":"Fill 1","mn":"ADBE Vector Graphic - Fill","hd":false},{"ty":"tr","p":{"a":0,"k":[0,0],"ix":2},"a":{"a":0,"k":[0,0],"ix":1},"s":{"a":0,"k":[100,100],"ix":3},"r":{"a":0,"k":0,"ix":6},"o":{"a":0,"k":100,"ix":7},"sk":{"a":0,"k":0,"ix":4},"sa":{"a":0,"k":0,"ix":5},"nm":"Transform"}],"nm":"Group 39","np":2,"cix":2,"bm":0,"ix":21,"mn":"ADBE Vector Group","hd":false},{"ty":"gr","it":[{"ty":"gr","it":[{"ind":0,"ty":"sh","ix":1,"ks":{"a":0,"k":{"i":[[0,0],[6.932,22.921],[106.29,-3.287],[8.837,-3.56],[-1.219,-19.55],[-9.752,-19.443],[-57.962,4.354],[-34.257,1.521]],"o":[[-75.404,-2.69],[-6.932,-22.921],[-12.436,0.385],[-10.347,10.926],[2.397,38.439],[10.845,21.623],[43.725,-3.284],[-9.047,-27.873]],"v":[[23.554,107.612],[-62.294,53.72],[-146.437,-37.954],[-178.182,-31.808],[-197.636,14.189],[-178.826,99.138],[-90.888,139.504],[62.189,131.199]],"c":true},"ix":2},"nm":"Path 1","mn":"ADBE Vector Shape - Group","hd":false},{"ty":"fl","c":{"a":0,"k":[0.937254905701,0.631372570992,0.443137258291,1],"ix":4},"o":{"a":0,"k":100,"ix":5},"r":1,"bm":0,"nm":"Fill 1","mn":"ADBE Vector Graphic - Fill","hd":false},{"ty":"tr","p":{"a":0,"k":[0,0],"ix":2},"a":{"a":0,"k":[0,0],"ix":1},"s":{"a":0,"k":[100,100],"ix":3},"r":{"a":0,"k":0,"ix":6},"o":{"a":0,"k":100,"ix":7},"sk":{"a":0,"k":0,"ix":4},"sa":{"a":0,"k":0,"ix":5},"nm":"Transform"}],"nm":"Group 1","np":2,"cix":2,"bm":0,"ix":1,"mn":"ADBE Vector Group","hd":false},{"ty":"gr","it":[{"ind":0,"ty":"sh","ix":1,"ks":{"a":0,"k":{"i":[[0,0],[-106.29,3.287],[-6.932,-22.921],[-75.404,-2.69],[12.348,-69.142],[0,0],[90.168,33.231]],"o":[[0.182,-3.094],[106.29,-3.287],[6.932,22.921],[0,0],[0,0],[0,0],[0,0]],"v":[[-217.356,103.082],[-146.437,-37.954],[-62.294,53.72],[23.554,107.612],[62.885,169.251],[55.786,237.133],[-189.505,236.699]],"c":true},"ix":2},"nm":"Path 1","mn":"ADBE Vector Shape - Group","hd":false},{"ty":"fl","c":{"a":0,"k":[0.937254905701,0.631372570992,0.443137258291,1],"ix":4},"o":{"a":0,"k":100,"ix":5},"r":1,"bm":0,"nm":"Fill 1","mn":"ADBE Vector Graphic - Fill","hd":false},{"ty":"tr","p":{"a":0,"k":[0,0],"ix":2},"a":{"a":0,"k":[0,0],"ix":1},"s":{"a":0,"k":[100,100],"ix":3},"r":{"a":0,"k":0,"ix":6},"o":{"a":0,"k":100,"ix":7},"sk":{"a":0,"k":0,"ix":4},"sa":{"a":0,"k":0,"ix":5},"nm":"Transform"}],"nm":"Group 2","np":2,"cix":2,"bm":0,"ix":2,"mn":"ADBE Vector Group","hd":false},{"ty":"tr","p":{"a":0,"k":[0,0],"ix":2},"a":{"a":0,"k":[0,0],"ix":1},"s":{"a":0,"k":[100,100],"ix":3},"r":{"a":0,"k":0,"ix":6},"o":{"a":0,"k":100,"ix":7},"sk":{"a":0,"k":0,"ix":4},"sa":{"a":0,"k":0,"ix":5},"nm":"Transform"}],"nm":"Chair","np":2,"cix":2,"bm":0,"ix":22,"mn":"ADBE Vector Group","hd":false}],"ip":0,"op":70,"st":0,"bm":0},{"ddd":0,"ind":3,"ty":4,"nm":"Layer 15","sr":1,"ks":{"o":{"a":1,"k":[{"i":{"x":[0.38],"y":[1]},"o":{"x":[0.62],"y":[0]},"t":8,"s":[0]},{"t":15,"s":[100]}],"ix":11},"r":{"a":0,"k":0,"ix":10},"p":{"a":0,"k":[444.917,174.886,0],"ix":2},"a":{"a":0,"k":[-2.703,-48.659,0],"ix":1},"s":{"a":0,"k":[109,109,100],"ix":6}},"ao":0,"shapes":[{"ty":"gr","it":[{"ty":"gr","it":[{"ind":0,"ty":"sh","ix":1,"ks":{"a":0,"k":{"i":[[0,-1.546],[1.546,0],[0,1.546],[-1.546,0]],"o":[[0,1.546],[-1.546,0],[0,-1.546],[1.546,0]],"v":[[-34.213,-66.157],[-37.012,-63.358],[-39.81,-66.157],[-37.012,-68.955]],"c":true},"ix":2},"nm":"Path 1","mn":"ADBE Vector Shape - Group","hd":false},{"ty":"fl","c":{"a":0,"k":[1,1,1,1],"ix":4},"o":{"a":0,"k":100,"ix":5},"r":1,"bm":0,"nm":"Fill 1","mn":"ADBE Vector Graphic - Fill","hd":false},{"ty":"tr","p":{"a":0,"k":[0,0],"ix":2},"a":{"a":0,"k":[0,0],"ix":1},"s":{"a":0,"k":[100,100],"ix":3},"r":{"a":0,"k":0,"ix":6},"o":{"a":0,"k":100,"ix":7},"sk":{"a":0,"k":0,"ix":4},"sa":{"a":0,"k":0,"ix":5},"nm":"Transform"}],"nm":"Group 1","np":2,"cix":2,"bm":0,"ix":1,"mn":"ADBE Vector Group","hd":false},{"ty":"gr","it":[{"ind":0,"ty":"sh","ix":1,"ks":{"a":0,"k":{"i":[[0,-1.546],[1.546,0],[0,1.546],[-1.546,0]],"o":[[0,1.546],[-1.546,0],[0,-1.546],[1.546,0]],"v":[[-43.284,-66.157],[-46.082,-63.358],[-48.881,-66.157],[-46.082,-68.955]],"c":true},"ix":2},"nm":"Path 1","mn":"ADBE Vector Shape - Group","hd":false},{"ty":"fl","c":{"a":0,"k":[1,1,1,1],"ix":4},"o":{"a":0,"k":100,"ix":5},"r":1,"bm":0,"nm":"Fill 1","mn":"ADBE Vector Graphic - Fill","hd":false},{"ty":"tr","p":{"a":0,"k":[0,0],"ix":2},"a":{"a":0,"k":[0,0],"ix":1},"s":{"a":0,"k":[100,100],"ix":3},"r":{"a":0,"k":0,"ix":6},"o":{"a":0,"k":100,"ix":7},"sk":{"a":0,"k":0,"ix":4},"sa":{"a":0,"k":0,"ix":5},"nm":"Transform"}],"nm":"Group 2","np":2,"cix":2,"bm":0,"ix":2,"mn":"ADBE Vector Group","hd":false},{"ty":"gr","it":[{"ind":0,"ty":"sh","ix":1,"ks":{"a":0,"k":{"i":[[0,-1.546],[1.546,0],[0,1.546],[-1.546,0]],"o":[[0,1.546],[-1.546,0],[0,-1.546],[1.546,0]],"v":[[-52.354,-66.157],[-55.152,-63.358],[-57.951,-66.157],[-55.152,-68.955]],"c":true},"ix":2},"nm":"Path 1","mn":"ADBE Vector Shape - Group","hd":false},{"ty":"fl","c":{"a":0,"k":[1,1,1,1],"ix":4},"o":{"a":0,"k":100,"ix":5},"r":1,"bm":0,"nm":"Fill 1","mn":"ADBE Vector Graphic - Fill","hd":false},{"ty":"tr","p":{"a":0,"k":[0,0],"ix":2},"a":{"a":0,"k":[0,0],"ix":1},"s":{"a":0,"k":[100,100],"ix":3},"r":{"a":0,"k":0,"ix":6},"o":{"a":0,"k":100,"ix":7},"sk":{"a":0,"k":0,"ix":4},"sa":{"a":0,"k":0,"ix":5},"nm":"Transform"}],"nm":"Group 3","np":2,"cix":2,"bm":0,"ix":3,"mn":"ADBE Vector Group","hd":false},{"ty":"gr","it":[{"ind":0,"ty":"sh","ix":1,"ks":{"a":0,"k":{"i":[[0,-7.718],[0,0],[0.813,-1.773],[0.558,0.165],[0,1.817],[0,0],[7.033,0],[0,0],[0,0],[-0.004,0.157],[0,0]],"o":[[0,0],[0,2.092],[-0.579,-0.114],[0.676,-1.557],[0,0],[0,-7.033],[0,0],[0,0],[0,-0.158],[0,0],[7.717,0]],"v":[[-24.123,-67.341],[-24.123,-66.403],[-25.388,-60.56],[-27.094,-60.979],[-26.043,-66.077],[-26.043,-66.933],[-38.685,-79.615],[-40.788,-79.615],[-40.788,-80.786],[-40.782,-81.259],[-37.996,-81.259]],"c":true},"ix":2},"nm":"Path 1","mn":"ADBE Vector Shape - Group","hd":false},{"ty":"fl","c":{"a":0,"k":[0.176470592618,0.176470592618,0.176470592618,1],"ix":4},"o":{"a":0,"k":100,"ix":5},"r":1,"bm":0,"nm":"Fill 1","mn":"ADBE Vector Graphic - Fill","hd":false},{"ty":"tr","p":{"a":0,"k":[0,0],"ix":2},"a":{"a":0,"k":[0,0],"ix":1},"s":{"a":0,"k":[100,100],"ix":3},"r":{"a":0,"k":0,"ix":6},"o":{"a":0,"k":11,"ix":7},"sk":{"a":0,"k":0,"ix":4},"sa":{"a":0,"k":0,"ix":5},"nm":"Transform"}],"nm":"Group 4","np":2,"cix":2,"bm":0,"ix":4,"mn":"ADBE Vector Group","hd":false},{"ty":"gr","it":[{"ind":0,"ty":"sh","ix":1,"ks":{"a":0,"k":{"i":[[0,-7.033],[0,0],[0.676,-1.557],[5.215,0],[0,0],[0,0],[0,0],[0,0],[0,0],[0,0],[0,7.034],[0,0],[-7.033,0],[0,0]],"o":[[0,0],[0,1.817],[-1.943,4.469],[0,0],[0,0],[0,0],[0,0],[0,0],[0,0],[-7.033,0],[0,0],[0,-7.033],[0,0],[7.033,0]],"v":[[-26.043,-66.933],[-26.043,-66.077],[-27.094,-60.979],[-38.685,-53.414],[-40.18,-53.414],[-50.947,-45.938],[-51.088,-45.84],[-48.567,-52.507],[-48.225,-53.414],[-52.789,-53.414],[-65.495,-66.077],[-65.495,-66.933],[-52.789,-79.615],[-38.685,-79.615]],"c":true},"ix":2},"nm":"Path 1","mn":"ADBE Vector Shape - Group","hd":false},{"ty":"fl","c":{"a":0,"k":[0.662745118141,0.686274528503,0.917647063732,1],"ix":4},"o":{"a":0,"k":100,"ix":5},"r":1,"bm":0,"nm":"Fill 1","mn":"ADBE Vector Graphic - Fill","hd":false},{"ty":"tr","p":{"a":0,"k":[0,0],"ix":2},"a":{"a":0,"k":[0,0],"ix":1},"s":{"a":0,"k":[100,100],"ix":3},"r":{"a":0,"k":0,"ix":6},"o":{"a":0,"k":100,"ix":7},"sk":{"a":0,"k":0,"ix":4},"sa":{"a":0,"k":0,"ix":5},"nm":"Transform"}],"nm":"Group 5","np":2,"cix":2,"bm":0,"ix":5,"mn":"ADBE Vector Group","hd":false},{"ty":"tr","p":{"a":0,"k":[-51.309,-47.05],"ix":2},"a":{"a":0,"k":[-51.309,-47.05],"ix":1},"s":{"a":1,"k":[{"i":{"x":[0.667,0.667],"y":[1,1]},"o":{"x":[0.333,0.333],"y":[0,0]},"t":10,"s":[0,0]},{"i":{"x":[0.833,0.833],"y":[1,1]},"o":{"x":[0.333,0.333],"y":[0,0]},"t":15,"s":[100,100]},{"i":{"x":[0.667,0.667],"y":[1,1]},"o":{"x":[0.167,0.167],"y":[0,0]},"t":29,"s":[100,100]},{"t":33,"s":[0,0]}],"ix":3},"r":{"a":0,"k":0,"ix":6},"o":{"a":0,"k":100,"ix":7},"sk":{"a":0,"k":0,"ix":4},"sa":{"a":0,"k":0,"ix":5},"nm":"Transform"}],"nm":"Group 7","np":5,"cix":2,"bm":0,"ix":1,"mn":"ADBE Vector Group","hd":false},{"ty":"gr","it":[{"ind":0,"ty":"sh","ix":1,"ks":{"a":0,"k":{"i":[[0,-10.707],[0,0],[10.707,0],[0,0],[0,0],[0,0],[0,0],[1.227,0.244],[0.558,0.165],[0,8.788],[0,0],[-0.004,0.157],[-10.549,0],[0,0]],"o":[[0,0],[0,10.708],[0,0],[0,0],[0,0],[0,0],[-1.305,0],[-0.579,-0.114],[-7.971,-2.356],[0,0],[0,-0.158],[0.246,-10.488],[0,0],[10.707,0]],"v":[[19.187,-80.786],[19.187,-79.483],[-0.112,-60.188],[-7.062,-60.188],[-2.703,-48.659],[-19.309,-60.188],[-21.584,-60.188],[-25.388,-60.56],[-27.094,-60.979],[-40.788,-79.483],[-40.788,-80.786],[-40.782,-81.259],[-21.584,-100.138],[-0.112,-100.138]],"c":true},"ix":2},"nm":"Path 1","mn":"ADBE Vector Shape - Group","hd":false},{"ty":"fl","c":{"a":0,"k":[0.541176497936,0.458823531866,0.57647061348,1],"ix":4},"o":{"a":0,"k":100,"ix":5},"r":1,"bm":0,"nm":"Fill 1","mn":"ADBE Vector Graphic - Fill","hd":false},{"ty":"tr","p":{"a":0,"k":[-3.5,-49],"ix":2},"a":{"a":0,"k":[-3.5,-49],"ix":1},"s":{"a":1,"k":[{"i":{"x":[0.667,0.667],"y":[1,1]},"o":{"x":[0.333,0.333],"y":[0,0]},"t":8,"s":[0,0]},{"i":{"x":[0.833,0.833],"y":[1,1]},"o":{"x":[0.333,0.333],"y":[0,0]},"t":13,"s":[100,100]},{"i":{"x":[0.667,0.667],"y":[1,1]},"o":{"x":[0.167,0.167],"y":[0,0]},"t":28,"s":[100,100]},{"t":32,"s":[0,0]}],"ix":3},"r":{"a":0,"k":0,"ix":6},"o":{"a":0,"k":100,"ix":7},"sk":{"a":0,"k":0,"ix":4},"sa":{"a":0,"k":0,"ix":5},"nm":"Transform"}],"nm":"Group 6","np":2,"cix":2,"bm":0,"ix":2,"mn":"ADBE Vector Group","hd":false}],"ip":78,"op":78,"st":8,"bm":0},{"ddd":0,"ind":4,"ty":4,"nm":"Layer 8","sr":1,"ks":{"o":{"a":1,"k":[{"i":{"x":[0.38],"y":[1]},"o":{"x":[0.62],"y":[0]},"t":8,"s":[0]},{"t":15,"s":[100]}],"ix":11},"r":{"a":0,"k":0,"ix":10},"p":{"a":0,"k":[564.022,258.485,0],"ix":2},"a":{"a":0,"k":[506.568,328.038,0],"ix":1},"s":{"a":0,"k":[109,109,100],"ix":6}},"ao":0,"shapes":[{"ty":"gr","it":[{"ty":"gr","it":[{"ind":0,"ty":"sh","ix":1,"ks":{"a":0,"k":{"i":[[6.796,0],[1.085,0.305],[0,0],[-0.824,0],[0,4.932],[4.932,0],[0,0],[0,-6.796]],"o":[[-1.133,0],[0,0],[0.788,0.221],[4.932,0],[0,-4.932],[0,0],[6.796,0],[0,6.796]],"v":[[-4.491,12.324],[-7.833,11.866],[-6.92,8.611],[-4.491,8.945],[4.454,0],[-4.491,-8.945],[-4.491,-12.324],[7.833,0]],"c":true},"ix":2},"nm":"Path 1","mn":"ADBE Vector Shape - Group","hd":false},{"ty":"fl","c":{"a":0,"k":[0.937254905701,0.631372570992,0.443137258291,1],"ix":4},"o":{"a":0,"k":100,"ix":5},"r":1,"bm":0,"nm":"Fill 1","mn":"ADBE Vector Graphic - Fill","hd":false},{"ty":"tr","p":{"a":0,"k":[0,0],"ix":2},"a":{"a":0,"k":[0,0],"ix":1},"s":{"a":0,"k":[100,100],"ix":3},"r":{"a":0,"k":0,"ix":6},"o":{"a":0,"k":100,"ix":7},"sk":{"a":0,"k":0,"ix":4},"sa":{"a":0,"k":0,"ix":5},"nm":"Transform"}],"nm":"Group 1","np":2,"cix":2,"bm":0,"ix":1,"mn":"ADBE Vector Group","hd":false},{"ty":"tr","p":{"a":0,"k":[523.558,328.039],"ix":2},"a":{"a":0,"k":[0,0],"ix":1},"s":{"a":0,"k":[100,100],"ix":3},"r":{"a":0,"k":0,"ix":6},"o":{"a":0,"k":100,"ix":7},"sk":{"a":0,"k":0,"ix":4},"sa":{"a":0,"k":0,"ix":5},"nm":"Transform"}],"nm":"Group 1","np":1,"cix":2,"bm":0,"ix":1,"mn":"ADBE Vector Group","hd":false},{"ty":"gr","it":[{"ind":0,"ty":"sh","ix":1,"ks":{"a":0,"k":{"i":[[0,0],[0,0],[0,0],[0,0]],"o":[[0,0],[0,0],[0,0],[0,0]],"v":[[-19.504,-19.025],[-13.562,19.025],[13.562,19.025],[19.504,-19.025]],"c":true},"ix":2},"nm":"Path 1","mn":"ADBE Vector Shape - Group","hd":false},{"ty":"fl","c":{"a":0,"k":[0.937254905701,0.631372570992,0.443137258291,1],"ix":4},"o":{"a":0,"k":100,"ix":5},"r":1,"bm":0,"nm":"Fill 1","mn":"ADBE Vector Graphic - Fill","hd":false},{"ty":"tr","p":{"a":0,"k":[501.248,328.038],"ix":2},"a":{"a":0,"k":[0,0],"ix":1},"s":{"a":0,"k":[100,100],"ix":3},"r":{"a":0,"k":0,"ix":6},"o":{"a":0,"k":100,"ix":7},"sk":{"a":0,"k":0,"ix":4},"sa":{"a":0,"k":0,"ix":5},"nm":"Transform"}],"nm":"Group 2","np":2,"cix":2,"bm":0,"ix":2,"mn":"ADBE Vector Group","hd":false}],"ip":8,"op":78,"st":8,"bm":0},{"ddd":0,"ind":5,"ty":4,"nm":"Layer 7","sr":1,"ks":{"o":{"a":1,"k":[{"i":{"x":[0.38],"y":[1]},"o":{"x":[0.62],"y":[0]},"t":8,"s":[0]},{"t":15,"s":[100]}],"ix":11},"r":{"a":0,"k":0,"ix":10},"p":{"a":0,"k":[579.482,455.125,0],"ix":2},"a":{"a":0,"k":[0,0,0],"ix":1},"s":{"a":0,"k":[109,109,100],"ix":6}},"ao":0,"shapes":[{"ty":"gr","it":[{"ind":0,"ty":"sh","ix":1,"ks":{"a":0,"k":{"i":[[0,0],[0,0]],"o":[[0,0],[0,0]],"v":[[-10.968,0],[10.968,0]],"c":false},"ix":2},"nm":"Path 1","mn":"ADBE Vector Shape - Group","hd":false},{"ty":"st","c":{"a":0,"k":[1,1,1,1],"ix":3},"o":{"a":0,"k":100,"ix":4},"w":{"a":0,"k":0.5,"ix":5},"lc":1,"lj":1,"ml":10,"bm":0,"nm":"Stroke 1","mn":"ADBE Vector Graphic - Stroke","hd":false},{"ty":"tr","p":{"a":0,"k":[0,0],"ix":2},"a":{"a":0,"k":[0,0],"ix":1},"s":{"a":0,"k":[100,100],"ix":3},"r":{"a":0,"k":0,"ix":6},"o":{"a":0,"k":100,"ix":7},"sk":{"a":0,"k":0,"ix":4},"sa":{"a":0,"k":0,"ix":5},"nm":"Transform"}],"nm":"Group 1","np":2,"cix":2,"bm":0,"ix":1,"mn":"ADBE Vector Group","hd":false}],"ip":8,"op":78,"st":8,"bm":0},{"ddd":0,"ind":6,"ty":4,"nm":"Layer 6","sr":1,"ks":{"o":{"a":1,"k":[{"i":{"x":[0.38],"y":[1]},"o":{"x":[0.62],"y":[0]},"t":8,"s":[0]},{"t":15,"s":[100]}],"ix":11},"r":{"a":0,"k":0,"ix":10},"p":{"a":0,"k":[578.367,292.831,0],"ix":2},"a":{"a":0,"k":[0,0,0],"ix":1},"s":{"a":0,"k":[109,109,100],"ix":6}},"ao":0,"shapes":[{"ty":"gr","it":[{"ind":0,"ty":"sh","ix":1,"ks":{"a":0,"k":{"i":[[0,0],[0,0]],"o":[[0,0],[0,0]],"v":[[-31.134,0],[31.134,0]],"c":false},"ix":2},"nm":"Path 1","mn":"ADBE Vector Shape - Group","hd":false},{"ty":"st","c":{"a":0,"k":[0.219607844949,0.196078434587,0.298039227724,1],"ix":3},"o":{"a":0,"k":100,"ix":4},"w":{"a":0,"k":0.5,"ix":5},"lc":1,"lj":1,"ml":10,"bm":0,"nm":"Stroke 1","mn":"ADBE Vector Graphic - Stroke","hd":false},{"ty":"tr","p":{"a":0,"k":[0,0],"ix":2},"a":{"a":0,"k":[0,0],"ix":1},"s":{"a":0,"k":[100,100],"ix":3},"r":{"a":0,"k":0,"ix":6},"o":{"a":0,"k":100,"ix":7},"sk":{"a":0,"k":0,"ix":4},"sa":{"a":0,"k":0,"ix":5},"nm":"Transform"}],"nm":"Group 1","np":2,"cix":2,"bm":0,"ix":1,"mn":"ADBE Vector Group","hd":false}],"ip":8,"op":78,"st":8,"bm":0},{"ddd":0,"ind":7,"ty":4,"nm":"Layer 5","sr":1,"ks":{"o":{"a":1,"k":[{"i":{"x":[0.38],"y":[1]},"o":{"x":[0.62],"y":[0]},"t":8,"s":[0]},{"t":15,"s":[100]}],"ix":11},"r":{"a":0,"k":0,"ix":10},"p":{"a":0,"k":[579.482,312.81,0],"ix":2},"a":{"a":0,"k":[0,0,0],"ix":1},"s":{"a":0,"k":[109,109,100],"ix":6}},"ao":0,"shapes":[{"ty":"gr","it":[{"ind":0,"ty":"sh","ix":1,"ks":{"a":0,"k":{"i":[[0,0],[0,0]],"o":[[0,0],[0,0]],"v":[[-10.968,0],[10.968,0]],"c":false},"ix":2},"nm":"Path 1","mn":"ADBE Vector Shape - Group","hd":false},{"ty":"st","c":{"a":0,"k":[1,1,1,1],"ix":3},"o":{"a":0,"k":100,"ix":4},"w":{"a":0,"k":0.5,"ix":5},"lc":1,"lj":1,"ml":10,"bm":0,"nm":"Stroke 1","mn":"ADBE Vector Graphic - Stroke","hd":false},{"ty":"tr","p":{"a":0,"k":[0,0],"ix":2},"a":{"a":0,"k":[0,0],"ix":1},"s":{"a":0,"k":[100,100],"ix":3},"r":{"a":0,"k":0,"ix":6},"o":{"a":0,"k":100,"ix":7},"sk":{"a":0,"k":0,"ix":4},"sa":{"a":0,"k":0,"ix":5},"nm":"Transform"}],"nm":"Group 1","np":2,"cix":2,"bm":0,"ix":1,"mn":"ADBE Vector Group","hd":false}],"ip":8,"op":78,"st":8,"bm":0},{"ddd":0,"ind":8,"ty":4,"nm":"Layer 4","sr":1,"ks":{"o":{"a":1,"k":[{"i":{"x":[0.38],"y":[1]},"o":{"x":[0.62],"y":[0]},"t":8,"s":[0]},{"t":15,"s":[100]}],"ix":11},"r":{"a":0,"k":0,"ix":10},"p":{"a":0,"k":[579.482,383.968,0],"ix":2},"a":{"a":0,"k":[0,0,0],"ix":1},"s":{"a":0,"k":[109,109,100],"ix":6}},"ao":0,"shapes":[{"ty":"gr","it":[{"ind":0,"ty":"sh","ix":1,"ks":{"a":0,"k":{"i":[[0,0],[0,0],[0,0],[0,0]],"o":[[0,0],[0,0],[0,0],[0,0]],"v":[[10.968,65.282],[-10.968,65.282],[-10.968,-65.282],[10.968,-65.282]],"c":true},"ix":2},"nm":"Path 1","mn":"ADBE Vector Shape - Group","hd":false},{"ty":"fl","c":{"a":0,"k":[0.254901975393,0.211764708161,0.309803932905,1],"ix":4},"o":{"a":0,"k":100,"ix":5},"r":1,"bm":0,"nm":"Fill 1","mn":"ADBE Vector Graphic - Fill","hd":false},{"ty":"tr","p":{"a":0,"k":[0,0],"ix":2},"a":{"a":0,"k":[0,0],"ix":1},"s":{"a":0,"k":[100,100],"ix":3},"r":{"a":0,"k":0,"ix":6},"o":{"a":0,"k":100,"ix":7},"sk":{"a":0,"k":0,"ix":4},"sa":{"a":0,"k":0,"ix":5},"nm":"Transform"}],"nm":"Group 1","np":2,"cix":2,"bm":0,"ix":1,"mn":"ADBE Vector Group","hd":false}],"ip":8,"op":78,"st":8,"bm":0},{"ddd":0,"ind":9,"ty":4,"nm":"Layer 3","sr":1,"ks":{"o":{"a":1,"k":[{"i":{"x":[0.38],"y":[1]},"o":{"x":[0.62],"y":[0]},"t":8,"s":[0]},{"t":15,"s":[100]}],"ix":11},"r":{"a":0,"k":0,"ix":10},"p":{"a":0,"k":[579.482,465.114,0],"ix":2},"a":{"a":0,"k":[0,0,0],"ix":1},"s":{"a":0,"k":[109,109,100],"ix":6}},"ao":0,"shapes":[{"ty":"gr","it":[{"ind":0,"ty":"sh","ix":1,"ks":{"a":0,"k":{"i":[[0,0],[0,0],[0,0],[0,0]],"o":[[0,0],[0,0],[0,0],[0,0]],"v":[[24.856,-9.165],[-24.856,-9.165],[-37.143,9.165],[37.143,9.165]],"c":true},"ix":2},"nm":"Path 1","mn":"ADBE Vector Shape - Group","hd":false},{"ty":"fl","c":{"a":0,"k":[0.184313729405,0.023529412225,0.258823543787,1],"ix":4},"o":{"a":0,"k":100,"ix":5},"r":1,"bm":0,"nm":"Fill 1","mn":"ADBE Vector Graphic - Fill","hd":false},{"ty":"tr","p":{"a":0,"k":[0,0],"ix":2},"a":{"a":0,"k":[0,0],"ix":1},"s":{"a":0,"k":[100,100],"ix":3},"r":{"a":0,"k":0,"ix":6},"o":{"a":0,"k":100,"ix":7},"sk":{"a":0,"k":0,"ix":4},"sa":{"a":0,"k":0,"ix":5},"nm":"Transform"}],"nm":"Group 1","np":2,"cix":2,"bm":0,"ix":1,"mn":"ADBE Vector Group","hd":false}],"ip":8,"op":78,"st":8,"bm":0},{"ddd":0,"ind":10,"ty":4,"nm":"Layer 2","sr":1,"ks":{"o":{"a":1,"k":[{"i":{"x":[0.38],"y":[1]},"o":{"x":[0.62],"y":[0]},"t":8,"s":[0]},{"t":15,"s":[100]}],"ix":11},"r":{"a":0,"k":0,"ix":10},"p":{"a":0,"k":[579.482,302.821,0],"ix":2},"a":{"a":0,"k":[0,0,0],"ix":1},"s":{"a":0,"k":[109,109,100],"ix":6}},"ao":0,"shapes":[{"ty":"gr","it":[{"ind":0,"ty":"sh","ix":1,"ks":{"a":0,"k":{"i":[[1.251,0],[0,0],[0.697,1.039],[0,0],[-3.001,0],[0,0],[1.671,-2.493],[0,0]],"o":[[0,0],[-1.251,0],[0,0],[-1.671,-2.493],[0,0],[3.001,0],[0,0],[-0.697,1.039]],"v":[[22.854,9.165],[-22.854,9.165],[-25.971,7.502],[-33.227,-3.323],[-30.111,-9.165],[30.111,-9.165],[33.227,-3.323],[25.971,7.502]],"c":true},"ix":2},"nm":"Path 1","mn":"ADBE Vector Shape - Group","hd":false},{"ty":"fl","c":{"a":0,"k":[0.937254905701,0.631372570992,0.443137258291,1],"ix":4},"o":{"a":0,"k":100,"ix":5},"r":1,"bm":0,"nm":"Fill 1","mn":"ADBE Vector Graphic - Fill","hd":false},{"ty":"tr","p":{"a":0,"k":[0,0],"ix":2},"a":{"a":0,"k":[0,0],"ix":1},"s":{"a":0,"k":[100,100],"ix":3},"r":{"a":0,"k":0,"ix":6},"o":{"a":0,"k":100,"ix":7},"sk":{"a":0,"k":0,"ix":4},"sa":{"a":0,"k":0,"ix":5},"nm":"Transform"}],"nm":"Group 1","np":2,"cix":2,"bm":0,"ix":1,"mn":"ADBE Vector Group","hd":false}],"ip":8,"op":78,"st":8,"bm":0},{"ddd":0,"ind":11,"ty":4,"nm":"Layer 1","sr":1,"ks":{"o":{"a":1,"k":[{"i":{"x":[0.38],"y":[1]},"o":{"x":[0.62],"y":[0]},"t":8,"s":[0]},{"t":15,"s":[100]}],"ix":11},"r":{"a":0,"k":0,"ix":10},"p":{"a":0,"k":[579.482,286.027,0],"ix":2},"a":{"a":0,"k":[0,0,0],"ix":1},"s":{"a":0,"k":[109,109,100],"ix":6}},"ao":0,"shapes":[{"ty":"gr","it":[{"ind":0,"ty":"sh","ix":1,"ks":{"a":0,"k":{"i":[[0,0],[0,0],[0,0],[0,0]],"o":[[0,0],[0,0],[0,0],[0,0]],"v":[[70.862,6.243],[-70.862,6.243],[-70.862,-6.243],[70.862,-6.243]],"c":true},"ix":2},"nm":"Path 1","mn":"ADBE Vector Shape - Group","hd":false},{"ty":"fl","c":{"a":0,"k":[0.937254905701,0.631372570992,0.443137258291,1],"ix":4},"o":{"a":0,"k":100,"ix":5},"r":1,"bm":0,"nm":"Fill 1","mn":"ADBE Vector Graphic - Fill","hd":false},{"ty":"tr","p":{"a":0,"k":[0,0],"ix":2},"a":{"a":0,"k":[0,0],"ix":1},"s":{"a":0,"k":[100,100],"ix":3},"r":{"a":0,"k":0,"ix":6},"o":{"a":0,"k":100,"ix":7},"sk":{"a":0,"k":0,"ix":4},"sa":{"a":0,"k":0,"ix":5},"nm":"Transform"}],"nm":"Group 1","np":2,"cix":2,"bm":0,"ix":1,"mn":"ADBE Vector Group","hd":false}],"ip":8,"op":78,"st":8,"bm":0},{"ddd":0,"ind":12,"ty":4,"nm":"OBJECTS","sr":1,"ks":{"o":{"a":1,"k":[{"i":{"x":[0.38],"y":[1]},"o":{"x":[0.62],"y":[0]},"t":8,"s":[0]},{"t":15,"s":[100]}],"ix":11},"r":{"a":0,"k":0,"ix":10},"p":{"a":0,"k":[440.518,290.054,0],"ix":2},"a":{"a":0,"k":[0,0,0],"ix":1},"s":{"a":0,"k":[109,109,100],"ix":6}},"ao":0,"shapes":[{"ty":"gr","it":[{"ty":"gr","it":[{"ind":0,"ty":"sh","ix":1,"ks":{"a":0,"k":{"i":[[0,0],[0,0]],"o":[[0,0],[0,0]],"v":[[-252.273,139.615],[-186.907,139.615]],"c":false},"ix":2},"nm":"Path 1","mn":"ADBE Vector Shape - Group","hd":false},{"ty":"st","c":{"a":0,"k":[1,1,1,1],"ix":3},"o":{"a":0,"k":100,"ix":4},"w":{"a":0,"k":0.5,"ix":5},"lc":1,"lj":1,"ml":10,"bm":0,"nm":"Stroke 1","mn":"ADBE Vector Graphic - Stroke","hd":false},{"ty":"tr","p":{"a":0,"k":[0,0],"ix":2},"a":{"a":0,"k":[0,0],"ix":1},"s":{"a":0,"k":[100,100],"ix":3},"r":{"a":0,"k":0,"ix":6},"o":{"a":0,"k":100,"ix":7},"sk":{"a":0,"k":0,"ix":4},"sa":{"a":0,"k":0,"ix":5},"nm":"Transform"}],"nm":"Group 1","np":2,"cix":2,"bm":0,"ix":1,"mn":"ADBE Vector Group","hd":false},{"ty":"gr","it":[{"ind":0,"ty":"sh","ix":1,"ks":{"a":0,"k":{"i":[[2.266,0],[0,0],[0.447,2.222],[0,0],[-3.005,0],[0,0],[0.593,-2.946],[0,0]],"o":[[0,0],[-2.266,0],[0,0],[-0.593,-2.946],[0,0],[3.005,0],[0,0],[-0.447,2.222]],"v":[[-200.288,189.369],[-238.366,189.369],[-243.031,185.55],[-254.15,130.286],[-249.485,124.589],[-189.168,124.589],[-184.503,130.286],[-195.623,185.55]],"c":true},"ix":2},"nm":"Path 1","mn":"ADBE Vector Shape - Group","hd":false},{"ty":"fl","c":{"a":0,"k":[0.254901975393,0.211764708161,0.309803932905,1],"ix":4},"o":{"a":0,"k":100,"ix":5},"r":1,"bm":0,"nm":"Fill 1","mn":"ADBE Vector Graphic - Fill","hd":false},{"ty":"tr","p":{"a":0,"k":[0,0],"ix":2},"a":{"a":0,"k":[0,0],"ix":1},"s":{"a":0,"k":[100,100],"ix":3},"r":{"a":0,"k":0,"ix":6},"o":{"a":0,"k":100,"ix":7},"sk":{"a":0,"k":0,"ix":4},"sa":{"a":0,"k":0,"ix":5},"nm":"Transform"}],"nm":"Group 2","np":2,"cix":2,"bm":0,"ix":2,"mn":"ADBE Vector Group","hd":false},{"ty":"tr","p":{"a":0,"k":[-219.327,156.979],"ix":2},"a":{"a":0,"k":[-219.327,156.979],"ix":1},"s":{"a":0,"k":[100,100],"ix":3},"r":{"a":0,"k":0,"ix":6},"o":{"a":0,"k":100,"ix":7},"sk":{"a":0,"k":0,"ix":4},"sa":{"a":0,"k":0,"ix":5},"nm":"Transform"}],"nm":"Group 6","np":2,"cix":2,"bm":0,"ix":1,"mn":"ADBE Vector Group","hd":false},{"ty":"gr","it":[{"ty":"gr","it":[{"ind":0,"ty":"sh","ix":1,"ks":{"a":0,"k":{"i":[[0,0],[5.585,-22.314]],"o":[[0,0],[0,0]],"v":[[-175.081,73.598],[-198.734,125.119]],"c":false},"ix":2},"nm":"Path 1","mn":"ADBE Vector Shape - Group","hd":false},{"ty":"st","c":{"a":0,"k":[1,1,1,1],"ix":3},"o":{"a":0,"k":100,"ix":4},"w":{"a":0,"k":0.5,"ix":5},"lc":1,"lj":1,"ml":10,"bm":0,"nm":"Stroke 1","mn":"ADBE Vector Graphic - Stroke","hd":false},{"ty":"tr","p":{"a":0,"k":[0,0],"ix":2},"a":{"a":0,"k":[0,0],"ix":1},"s":{"a":0,"k":[100,100],"ix":3},"r":{"a":0,"k":0,"ix":6},"o":{"a":0,"k":100,"ix":7},"sk":{"a":0,"k":0,"ix":4},"sa":{"a":0,"k":0,"ix":5},"nm":"Transform"}],"nm":"Group 1","np":2,"cix":2,"bm":0,"ix":1,"mn":"ADBE Vector Group","hd":false},{"ty":"gr","it":[{"ind":0,"ty":"sh","ix":1,"ks":{"a":0,"k":{"i":[[0,0],[0.39,17.633],[-3.739,0.059]],"o":[[10.516,-6.64],[-0.189,-8.528],[0,0]],"v":[[-210.744,102.345],[-196.328,83.357],[-189.966,73.904]],"c":false},"ix":2},"nm":"Path 1","mn":"ADBE Vector Shape - Group","hd":false},{"ty":"st","c":{"a":0,"k":[0.219607844949,0.196078434587,0.298039227724,1],"ix":3},"o":{"a":0,"k":100,"ix":4},"w":{"a":0,"k":0.5,"ix":5},"lc":1,"lj":1,"ml":10,"bm":0,"nm":"Stroke 1","mn":"ADBE Vector Graphic - Stroke","hd":false},{"ty":"tr","p":{"a":0,"k":[0,0],"ix":2},"a":{"a":0,"k":[0,0],"ix":1},"s":{"a":0,"k":[100,100],"ix":3},"r":{"a":0,"k":0,"ix":6},"o":{"a":0,"k":100,"ix":7},"sk":{"a":0,"k":0,"ix":4},"sa":{"a":0,"k":0,"ix":5},"nm":"Transform"}],"nm":"Group 2","np":2,"cix":2,"bm":0,"ix":2,"mn":"ADBE Vector Group","hd":false},{"ty":"gr","it":[{"ind":0,"ty":"sh","ix":1,"ks":{"a":0,"k":{"i":[[0,0],[6.172,-11.634],[17.642,-5.384],[28.692,-8.364],[-10.516,6.64],[0.39,17.633],[-6.938,12.71]],"o":[[0,0],[-6.172,11.634],[-17.642,5.384],[-28.692,8.364],[10.516,-6.64],[-0.39,-17.633],[5.407,-9.905]],"v":[[-166.655,60.544],[-166.382,73.052],[-172.735,93.917],[-184.414,123.421],[-210.744,102.345],[-196.328,83.357],[-177.344,68.136]],"c":true},"ix":2},"nm":"Path 1","mn":"ADBE Vector Shape - Group","hd":false},{"ty":"fl","c":{"a":0,"k":[0.796078443527,0.75686275959,0.815686285496,1],"ix":4},"o":{"a":0,"k":100,"ix":5},"r":1,"bm":0,"nm":"Fill 1","mn":"ADBE Vector Graphic - Fill","hd":false},{"ty":"tr","p":{"a":0,"k":[0,0],"ix":2},"a":{"a":0,"k":[0,0],"ix":1},"s":{"a":0,"k":[100,100],"ix":3},"r":{"a":0,"k":0,"ix":6},"o":{"a":0,"k":100,"ix":7},"sk":{"a":0,"k":0,"ix":4},"sa":{"a":0,"k":0,"ix":5},"nm":"Transform"}],"nm":"Group 3","np":2,"cix":2,"bm":0,"ix":3,"mn":"ADBE Vector Group","hd":false},{"ty":"tr","p":{"a":0,"k":[-202,126],"ix":2},"a":{"a":0,"k":[-202,126],"ix":1},"s":{"a":0,"k":[100,100],"ix":3},"r":{"a":1,"k":[{"i":{"x":[0.667],"y":[1]},"o":{"x":[0.333],"y":[0]},"t":8,"s":[0]},{"i":{"x":[0.667],"y":[1]},"o":{"x":[0.333],"y":[0]},"t":19,"s":[-1]},{"t":32,"s":[0]}],"ix":6},"o":{"a":0,"k":100,"ix":7},"sk":{"a":0,"k":0,"ix":4},"sa":{"a":0,"k":0,"ix":5},"nm":"Transform"}],"nm":"Group 3","np":3,"cix":2,"bm":0,"ix":2,"mn":"ADBE Vector Group","hd":false},{"ty":"gr","it":[{"ty":"gr","it":[{"ind":0,"ty":"sh","ix":1,"ks":{"a":0,"k":{"i":[[0,0],[-5.585,-22.314]],"o":[[0,0],[0,0]],"v":[[-264.165,75.418],[-240.512,126.939]],"c":false},"ix":2},"nm":"Path 1","mn":"ADBE Vector Shape - Group","hd":false},{"ty":"st","c":{"a":0,"k":[1,1,1,1],"ix":3},"o":{"a":0,"k":100,"ix":4},"w":{"a":0,"k":0.5,"ix":5},"lc":1,"lj":1,"ml":10,"bm":0,"nm":"Stroke 1","mn":"ADBE Vector Graphic - Stroke","hd":false},{"ty":"tr","p":{"a":0,"k":[0,0],"ix":2},"a":{"a":0,"k":[0,0],"ix":1},"s":{"a":0,"k":[100,100],"ix":3},"r":{"a":0,"k":0,"ix":6},"o":{"a":0,"k":100,"ix":7},"sk":{"a":0,"k":0,"ix":4},"sa":{"a":0,"k":0,"ix":5},"nm":"Transform"}],"nm":"Group 1","np":2,"cix":2,"bm":0,"ix":1,"mn":"ADBE Vector Group","hd":false},{"ty":"gr","it":[{"ind":0,"ty":"sh","ix":1,"ks":{"a":0,"k":{"i":[[0,0],[-0.39,17.633],[3.739,0.059]],"o":[[-10.516,-6.64],[0.189,-8.528],[0,0]],"v":[[-228.501,104.165],[-242.918,85.177],[-249.28,75.724]],"c":false},"ix":2},"nm":"Path 1","mn":"ADBE Vector Shape - Group","hd":false},{"ty":"st","c":{"a":0,"k":[0.219607844949,0.196078434587,0.298039227724,1],"ix":3},"o":{"a":0,"k":100,"ix":4},"w":{"a":0,"k":0.5,"ix":5},"lc":1,"lj":1,"ml":10,"bm":0,"nm":"Stroke 1","mn":"ADBE Vector Graphic - Stroke","hd":false},{"ty":"tr","p":{"a":0,"k":[0,0],"ix":2},"a":{"a":0,"k":[0,0],"ix":1},"s":{"a":0,"k":[100,100],"ix":3},"r":{"a":0,"k":0,"ix":6},"o":{"a":0,"k":100,"ix":7},"sk":{"a":0,"k":0,"ix":4},"sa":{"a":0,"k":0,"ix":5},"nm":"Transform"}],"nm":"Group 2","np":2,"cix":2,"bm":0,"ix":2,"mn":"ADBE Vector Group","hd":false},{"ty":"gr","it":[{"ind":0,"ty":"sh","ix":1,"ks":{"a":0,"k":{"i":[[0,0],[-6.172,-11.634],[-17.642,-5.384],[-28.692,-8.364],[10.516,6.64],[-0.39,17.633],[6.938,12.71]],"o":[[0,0],[6.172,11.634],[17.642,5.384],[28.692,8.364],[-10.516,-6.64],[0.39,-17.633],[-5.407,-9.905]],"v":[[-272.591,62.365],[-272.864,74.873],[-266.511,95.737],[-254.832,125.241],[-228.501,104.165],[-242.918,85.177],[-261.902,69.956]],"c":true},"ix":2},"nm":"Path 1","mn":"ADBE Vector Shape - Group","hd":false},{"ty":"fl","c":{"a":0,"k":[0.796078443527,0.75686275959,0.815686285496,1],"ix":4},"o":{"a":0,"k":100,"ix":5},"r":1,"bm":0,"nm":"Fill 1","mn":"ADBE Vector Graphic - Fill","hd":false},{"ty":"tr","p":{"a":0,"k":[0,0],"ix":2},"a":{"a":0,"k":[0,0],"ix":1},"s":{"a":0,"k":[100,100],"ix":3},"r":{"a":0,"k":0,"ix":6},"o":{"a":0,"k":100,"ix":7},"sk":{"a":0,"k":0,"ix":4},"sa":{"a":0,"k":0,"ix":5},"nm":"Transform"}],"nm":"Group 3","np":2,"cix":2,"bm":0,"ix":3,"mn":"ADBE Vector Group","hd":false},{"ty":"tr","p":{"a":0,"k":[-244,125],"ix":2},"a":{"a":0,"k":[-244,125],"ix":1},"s":{"a":0,"k":[100,100],"ix":3},"r":{"a":1,"k":[{"i":{"x":[0.667],"y":[1]},"o":{"x":[0.333],"y":[0]},"t":8,"s":[0]},{"i":{"x":[0.667],"y":[1]},"o":{"x":[0.333],"y":[0]},"t":19,"s":[-5]},{"t":32,"s":[0]}],"ix":6},"o":{"a":0,"k":100,"ix":7},"sk":{"a":0,"k":0,"ix":4},"sa":{"a":0,"k":0,"ix":5},"nm":"Transform"}],"nm":"Group 4","np":3,"cix":2,"bm":0,"ix":3,"mn":"ADBE Vector Group","hd":false},{"ty":"gr","it":[{"ty":"gr","it":[{"ind":0,"ty":"sh","ix":1,"ks":{"a":0,"k":{"i":[[0,0],[12.877,-102.831]],"o":[[0,0],[0,0]],"v":[[-224.153,17.172],[-222.269,136.653]],"c":false},"ix":2},"nm":"Path 1","mn":"ADBE Vector Shape - Group","hd":false},{"ty":"st","c":{"a":0,"k":[1,1,1,1],"ix":3},"o":{"a":0,"k":100,"ix":4},"w":{"a":0,"k":0.5,"ix":5},"lc":1,"lj":1,"ml":10,"bm":0,"nm":"Stroke 1","mn":"ADBE Vector Graphic - Stroke","hd":false},{"ty":"tr","p":{"a":0,"k":[0,0],"ix":2},"a":{"a":0,"k":[0,0],"ix":1},"s":{"a":0,"k":[100,100],"ix":3},"r":{"a":0,"k":0,"ix":6},"o":{"a":0,"k":100,"ix":7},"sk":{"a":0,"k":0,"ix":4},"sa":{"a":0,"k":0,"ix":5},"nm":"Transform"}],"nm":"Group 1","np":2,"cix":2,"bm":0,"ix":1,"mn":"ADBE Vector Group","hd":false},{"ty":"gr","it":[{"ind":0,"ty":"sh","ix":1,"ks":{"a":0,"k":{"i":[[-27.743,24.537],[4.724,13.438],[-9.596,6.347],[-8.219,-7.393],[14.455,-31.972],[4.75,-34.795],[22.336,-0.015],[-8.101,21.175]],"o":[[0,0],[-4.724,-13.438],[9.596,-6.347],[8.219,7.393],[-14.455,31.972],[-4.751,34.795],[-22.336,0.015],[15.902,-41.566]],"v":[[-242.332,42.213],[-238.31,24.831],[-231.257,-9.835],[-223.222,4.888],[-201.102,44.684],[-178.067,85.115],[-216.186,136.703],[-246.925,106.455]],"c":true},"ix":2},"nm":"Path 1","mn":"ADBE Vector Shape - Group","hd":false},{"ty":"fl","c":{"a":0,"k":[0.796078443527,0.75686275959,0.815686285496,1],"ix":4},"o":{"a":0,"k":100,"ix":5},"r":1,"bm":0,"nm":"Fill 1","mn":"ADBE Vector Graphic - Fill","hd":false},{"ty":"tr","p":{"a":0,"k":[0,0],"ix":2},"a":{"a":0,"k":[0,0],"ix":1},"s":{"a":0,"k":[100,100],"ix":3},"r":{"a":0,"k":0,"ix":6},"o":{"a":0,"k":100,"ix":7},"sk":{"a":0,"k":0,"ix":4},"sa":{"a":0,"k":0,"ix":5},"nm":"Transform"}],"nm":"Group 2","np":2,"cix":2,"bm":0,"ix":2,"mn":"ADBE Vector Group","hd":false},{"ty":"tr","p":{"a":0,"k":[-221,136],"ix":2},"a":{"a":0,"k":[-221,136],"ix":1},"s":{"a":0,"k":[100,100],"ix":3},"r":{"a":1,"k":[{"i":{"x":[0.667],"y":[1]},"o":{"x":[0.333],"y":[0]},"t":8,"s":[0]},{"i":{"x":[0.667],"y":[1]},"o":{"x":[0.333],"y":[0]},"t":19,"s":[2]},{"t":32,"s":[0]}],"ix":6},"o":{"a":0,"k":100,"ix":7},"sk":{"a":0,"k":0,"ix":4},"sa":{"a":0,"k":0,"ix":5},"nm":"Transform"}],"nm":"Group 5","np":2,"cix":2,"bm":0,"ix":4,"mn":"ADBE Vector Group","hd":false}],"ip":8,"op":78,"st":8,"bm":0}],"markers":[]}