{"nm":"MC","ddd":0,"h":1080,"w":1080,"meta":{"g":"@lottiefiles/toolkit-js 0.33.2"},"layers":[{"ty":0,"nm":"Wave Animation","sr":1,"st":0,"op":424,"ip":0,"hd":false,"ddd":0,"bm":0,"hasMask":false,"ao":0,"ks":{"a":{"a":0,"k":[960,540,0],"ix":1},"s":{"a":0,"k":[100,100,100],"ix":6},"sk":{"a":0,"k":0},"p":{"a":0,"k":[540,540,0],"ix":2},"r":{"a":0,"k":0,"ix":10},"sa":{"a":0,"k":0},"o":{"a":0,"k":100,"ix":11}},"ef":[],"w":1920,"h":1080,"refId":"comp_0","ind":1}],"v":"5.7.3","fr":60,"op":301,"ip":32,"assets":[{"nm":"","id":"comp_0","layers":[{"ty":3,"nm":"Null 1","sr":1,"st":0,"op":424,"ip":0,"hd":false,"ddd":0,"bm":0,"hasMask":false,"ao":0,"ks":{"a":{"a":0,"k":[0,0,0],"ix":1},"s":{"a":0,"k":[169,169,100],"ix":6},"sk":{"a":0,"k":0},"p":{"a":0,"k":[960,540,0],"ix":2},"r":{"a":0,"k":0,"ix":10},"sa":{"a":0,"k":0},"o":{"a":0,"k":0,"ix":11}},"ef":[],"ind":1},{"ty":0,"nm":"wave02","sr":1,"st":0,"op":424,"ip":0,"hd":false,"ddd":0,"bm":0,"hasMask":false,"ao":0,"ks":{"a":{"a":0,"k":[960,540,0],"ix":1},"s":{"a":0,"k":[116,116,100],"ix":6},"sk":{"a":0,"k":0},"p":{"a":1,"k":[{"o":{"x":0.333,"y":0},"i":{"x":0.833,"y":0.833},"s":[960,1620,0],"t":0,"ti":[0,193.333,0],"to":[0,-193.333,0]},{"s":[960,460,0],"t":227}],"ix":2},"r":{"a":0,"k":0,"ix":10},"sa":{"a":0,"k":0},"o":{"a":0,"k":100,"ix":11}},"ef":[],"w":1920,"h":1080,"refId":"comp_1","ind":2},{"ty":0,"nm":"wave04","sr":1,"st":0,"op":424,"ip":0,"hd":false,"ddd":0,"bm":0,"hasMask":false,"ao":0,"ks":{"a":{"a":0,"k":[960,540,0],"ix":1},"s":{"a":0,"k":[116,116,100],"ix":6},"sk":{"a":0,"k":0},"p":{"a":1,"k":[{"o":{"x":0.333,"y":0},"i":{"x":0.833,"y":0.833},"s":[960,1620,0],"t":0,"ti":[0,193.333,0],"to":[0,-193.333,0]},{"s":[960,460,0],"t":227}],"ix":2},"r":{"a":0,"k":0,"ix":10},"sa":{"a":0,"k":0},"o":{"a":0,"k":100,"ix":11}},"ef":[{"ty":5,"mn":"ADBE Ramp","nm":"Gradient Ramp","ix":1,"en":1,"ef":[{"ty":3,"mn":"ADBE Ramp-0001","nm":"Start of Ramp","ix":1,"v":{"a":0,"k":[960,0],"ix":1}},{"ty":2,"mn":"ADBE Ramp-0002","nm":"Start Color","ix":2,"v":{"a":0,"k":[0.8118,0.1294,0.8706],"ix":2}},{"ty":3,"mn":"ADBE Ramp-0003","nm":"End of Ramp","ix":3,"v":{"a":0,"k":[960,1080],"ix":3}},{"ty":2,"mn":"ADBE Ramp-0004","nm":"End Color","ix":4,"v":{"a":0,"k":[1,0.9882,0.9882],"ix":4}},{"ty":7,"mn":"ADBE Ramp-0005","nm":"Ramp Shape","ix":5,"v":{"a":0,"k":1,"ix":5}},{"ty":0,"mn":"ADBE Ramp-0006","nm":"Ramp Scatter","ix":6,"v":{"a":0,"k":0,"ix":6}},{"ty":0,"mn":"ADBE Ramp-0007","nm":"Blend With Original","ix":7,"v":{"a":0,"k":0,"ix":7}},{"ty":6,"mn":"ADBE Ramp-0008","nm":"","ix":8,"v":0}]}],"w":1920,"h":1080,"refId":"comp_2","ind":3},{"ty":0,"nm":"wave03","sr":1,"st":0,"op":424,"ip":0,"hd":false,"ddd":0,"bm":0,"hasMask":false,"ao":0,"ks":{"a":{"a":0,"k":[960,540,0],"ix":1},"s":{"a":0,"k":[116,116,100],"ix":6},"sk":{"a":0,"k":0},"p":{"a":1,"k":[{"o":{"x":0.333,"y":0},"i":{"x":0.833,"y":0.833},"s":[960,1620,0],"t":0,"ti":[0,193.333,0],"to":[0,-193.333,0]},{"s":[960,460,0],"t":227}],"ix":2},"r":{"a":0,"k":0,"ix":10},"sa":{"a":0,"k":0},"o":{"a":0,"k":100,"ix":11}},"ef":[],"w":1920,"h":1080,"refId":"comp_3","ind":4},{"ty":1,"nm":"bg","sr":1,"st":0,"op":424,"ip":0,"hd":false,"ddd":0,"bm":0,"hasMask":false,"ao":0,"ks":{"a":{"a":0,"k":[960,540,0],"ix":1},"s":{"a":0,"k":[100,100,100],"ix":6},"sk":{"a":0,"k":0},"p":{"a":0,"k":[960,540,0],"ix":2},"r":{"a":0,"k":0,"ix":10},"sa":{"a":0,"k":0},"o":{"a":0,"k":100,"ix":11}},"ef":[],"sc":"#8fdb94","sh":1080,"sw":1920,"ind":5}]},{"nm":"","id":"comp_1","layers":[{"ty":4,"nm":"water","sr":1,"st":0,"op":424,"ip":0,"hd":false,"ddd":0,"bm":0,"hasMask":false,"ao":0,"ks":{"a":{"a":0,"k":[0,0,0],"ix":1},"s":{"a":0,"k":[181,181,100],"ix":6},"sk":{"a":0,"k":0},"p":{"a":1,"k":[{"o":{"x":0.333,"y":0},"i":{"x":0.833,"y":0.833},"s":[-3109.6,705.07,0],"t":0,"ti":[-1752,40,0],"to":[1752,-40,0]},{"s":[7402.4,465.07,0],"t":227}],"ix":2},"r":{"a":0,"k":0,"ix":10},"sa":{"a":0,"k":0},"o":{"a":0,"k":63,"ix":11}},"ef":[],"shapes":[{"ty":"gr","bm":0,"hd":false,"mn":"ADBE Vector Group","nm":"Rectangle 1","ix":1,"cix":2,"np":3,"it":[{"ty":"sh","bm":0,"hd":false,"mn":"ADBE Vector Shape - Group","nm":"Path 1","ix":1,"d":1,"ks":{"a":0,"k":{"c":true,"i":[[0,0],[0,0],[0,0],[0,0],[-267.334,13.961],[-386.024,2.075],[-387.882,-60.547],[-561.726,14.756],[-439.996,11.5],[-654.107,25.214],[-426.676,-4.654]],"o":[[0,0],[0,0],[0,0],[0,0],[231.29,-12.079],[720.469,-3.872],[287.741,44.916],[513.957,-13.501],[196.864,-5.145],[474.188,-18.279],[312.228,3.406]],"v":[[3122.657,-403.154],[3032.719,342.805],[-4858.624,366.136],[-4890.188,-284.814],[-4484.46,-263.518],[-3532.053,-171.856],[-2202.288,-282.386],[-1005.658,-163.965],[156.221,-295.452],[1307.92,-312.023],[2380.712,-276.665]]},"ix":2}},{"ty":"st","bm":0,"hd":false,"mn":"ADBE Vector Graphic - Stroke","nm":"Stroke 1","lc":1,"lj":1,"ml":4,"o":{"a":0,"k":100,"ix":4},"w":{"a":0,"k":0,"ix":5},"c":{"a":0,"k":[0.5647,0.8863,0.5882],"ix":3}},{"ty":"gf","bm":0,"hd":false,"mn":"ADBE Vector Graphic - G-Fill","nm":"Gradient Fill 1","e":{"a":0,"k":[-1710,-142],"ix":6},"g":{"p":3,"k":{"a":0,"k":[0,0.6980392156862745,0.9568627450980393,0.7137254901960784,0.495,0.6980392156862745,0.9568627450980393,0.7137254901960784,0.99,0.6980392156862745,0.9568627450980393,0.7137254901960784],"ix":9}},"t":1,"a":{"a":0,"k":0},"h":{"a":0,"k":0},"s":{"a":0,"k":[-1706,-427],"ix":5},"r":1,"o":{"a":0,"k":100,"ix":10}},{"ty":"tr","a":{"a":0,"k":[0,0],"ix":1},"s":{"a":0,"k":[100,100],"ix":3},"sk":{"a":0,"k":0,"ix":4},"p":{"a":0,"k":[3.5,-11.5],"ix":2},"r":{"a":0,"k":0,"ix":6},"sa":{"a":0,"k":0,"ix":5},"o":{"a":0,"k":100,"ix":7}}]}],"ind":1}]},{"nm":"","id":"comp_2","layers":[{"ty":4,"nm":"water","sr":1,"st":0,"op":424,"ip":0,"hd":false,"ddd":0,"bm":0,"hasMask":false,"ao":0,"ks":{"a":{"a":0,"k":[0,0,0],"ix":1},"s":{"a":0,"k":[169,169,100],"ix":6},"sk":{"a":0,"k":0},"p":{"a":1,"k":[{"o":{"x":0.333,"y":0},"i":{"x":0.833,"y":0.833},"s":[-3109.6,665.07,0],"t":0,"ti":[-1512,13.333,0],"to":[1512,-13.333,0]},{"s":[5962.4,585.07,0],"t":227}],"ix":2},"r":{"a":0,"k":0,"ix":10},"sa":{"a":0,"k":0},"o":{"a":0,"k":63,"ix":11}},"ef":[],"shapes":[{"ty":"gr","bm":0,"hd":false,"mn":"ADBE Vector Group","nm":"Rectangle 1","ix":1,"cix":2,"np":3,"it":[{"ty":"sh","bm":0,"hd":false,"mn":"ADBE Vector Shape - Group","nm":"Path 1","ix":1,"d":1,"ks":{"a":0,"k":{"c":true,"i":[[0,0],[0,0],[0,0],[0,0],[-267.334,13.961],[-514.373,15.366],[-276.818,-2.951],[-356.676,20.338],[-192.117,-4.298],[-435.317,65.022],[-444.201,36.5],[-421.576,-65.955]],"o":[[0,0],[0,0],[0,0],[0,0],[119.969,-6.265],[147.306,-4.4],[308.969,3.294],[316.551,-18.05],[514.005,11.5],[641.417,-95.807],[472.947,-38.862],[778.87,121.852]],"v":[[3191.299,-483.627],[3032.719,342.805],[-4858.624,366.136],[-4888.624,-488.364],[-4895.032,-465.76],[-3631.042,-236.271],[-2730.72,-321.387],[-1656.778,-235.801],[-826.579,-298.876],[240.625,-262.316],[1317.387,-174.745],[2394.911,-177.257]]},"ix":2}},{"ty":"st","bm":0,"hd":false,"mn":"ADBE Vector Graphic - Stroke","nm":"Stroke 1","lc":1,"lj":1,"ml":4,"o":{"a":0,"k":100,"ix":4},"w":{"a":0,"k":0,"ix":5},"c":{"a":0,"k":[0.698,0.9569,0.7137],"ix":3}},{"ty":"gf","bm":0,"hd":false,"mn":"ADBE Vector Graphic - G-Fill","nm":"Gradient Fill 1","e":{"a":0,"k":[-1710,-142],"ix":6},"g":{"p":3,"k":{"a":0,"k":[0,0.6980392156862745,0.9568627450980393,0.7137254901960784,0.5,0.6980392156862745,0.9568627450980393,0.7137254901960784,1,0.6980392156862745,0.9568627450980393,0.7137254901960784],"ix":9}},"t":1,"a":{"a":0,"k":0},"h":{"a":0,"k":0},"s":{"a":0,"k":[-1706,-427],"ix":5},"r":1,"o":{"a":0,"k":100,"ix":10}},{"ty":"tr","a":{"a":0,"k":[0,0],"ix":1},"s":{"a":0,"k":[100,100],"ix":3},"sk":{"a":0,"k":0,"ix":4},"p":{"a":0,"k":[3.5,-11.5],"ix":2},"r":{"a":0,"k":0,"ix":6},"sa":{"a":0,"k":0,"ix":5},"o":{"a":0,"k":100,"ix":7}}]}],"ind":1}]},{"nm":"","id":"comp_3","layers":[{"ty":4,"nm":"water","sr":1,"st":0,"op":424,"ip":0,"hd":false,"ddd":0,"bm":0,"hasMask":false,"ao":0,"ks":{"a":{"a":0,"k":[0,0,0],"ix":1},"s":{"a":0,"k":[169,169,100],"ix":6},"sk":{"a":0,"k":0},"p":{"a":1,"k":[{"o":{"x":0.333,"y":0},"i":{"x":0.833,"y":0.833},"s":[-3109.6,1345.07,0],"t":0,"ti":[-1512,20,0],"to":[1512,-20,0]},{"s":[5962.4,1225.07,0],"t":227}],"ix":2},"r":{"a":0,"k":0,"ix":10},"sa":{"a":0,"k":0},"o":{"a":0,"k":63,"ix":11}},"ef":[],"shapes":[{"ty":"gr","bm":0,"hd":false,"mn":"ADBE Vector Group","nm":"Rectangle 1","ix":1,"cix":2,"np":3,"it":[{"ty":"sh","bm":0,"hd":false,"mn":"ADBE Vector Shape - Group","nm":"Path 1","ix":1,"d":1,"ks":{"a":0,"k":{"c":true,"i":[[0,0],[0,0],[0,0],[0,0],[-267.334,13.961],[-385.992,5.334],[-387.882,-60.547],[-321.535,-7.194],[-439.996,11.5],[-654.107,25.214],[-426.676,-4.654]],"o":[[0,0],[0,0],[0,0],[0,0],[231.29,-12.079],[245.646,-3.395],[570.504,89.054],[514.006,11.5],[196.864,-5.145],[474.188,-18.279],[312.228,3.406]],"v":[[3120.29,-341.615],[3032.719,342.805],[-4858.624,366.136],[-4888.624,-374.755],[-4445.327,-238.541],[-3546.743,-195.277],[-2208.755,-238.645],[-1013.562,-156.864],[221.69,-269.417],[1307.92,-312.023],[2293.137,-222.228]]},"ix":2}},{"ty":"st","bm":0,"hd":false,"mn":"ADBE Vector Graphic - Stroke","nm":"Stroke 1","lc":1,"lj":1,"ml":4,"o":{"a":0,"k":100,"ix":4},"w":{"a":0,"k":0,"ix":5},"c":{"a":0,"k":[0.698,0.9569,0.7137],"ix":3}},{"ty":"gf","bm":0,"hd":false,"mn":"ADBE Vector Graphic - G-Fill","nm":"Gradient Fill 1","e":{"a":0,"k":[-1710,-142],"ix":6},"g":{"p":3,"k":{"a":0,"k":[0,0.6980392156862745,0.9568627450980393,0.7137254901960784,0.5,0.6980392156862745,0.9568627450980393,0.7137254901960784,1,0.6980392156862745,0.9568627450980393,0.7137254901960784],"ix":9}},"t":1,"a":{"a":0,"k":0},"h":{"a":0,"k":0},"s":{"a":0,"k":[-1706,-427],"ix":5},"r":1,"o":{"a":0,"k":100,"ix":10}},{"ty":"tr","a":{"a":0,"k":[0,0],"ix":1},"s":{"a":0,"k":[100,100],"ix":3},"sk":{"a":0,"k":0,"ix":4},"p":{"a":0,"k":[3.5,-451.5],"ix":2},"r":{"a":0,"k":0,"ix":6},"sa":{"a":0,"k":0,"ix":5},"o":{"a":0,"k":100,"ix":7}}]}],"ind":1}]}]}